"date","close","volume","open","high","low"
"16:00","257.21","2,219,001","256.98","257.25","256.72"
"2017/10/16","257.0500","2832995.0000","256.9200","257.2400","256.5400"
"2017/10/13","256.6300","2552822.0000","256.9000","257.0100","256.4900"
"2017/10/12","256.3400","3013590.0000","256.3500","256.7800","256.0974"
"2017/10/11","256.7100","3584240.0000","256.2100","256.7400","256.0500"
"2017/10/10","256.3400","3849558.0000","256.3500","256.7700","255.7200"
"2017/10/09","255.6800","1393776.0000","256.3400","256.4200","255.3700"
"2017/10/06","256.1100","8052662.0000","255.8800","256.1900","255.6000"
"2017/10/05","256.3800","4054813.0000","255.2700","256.4200","255.1200"
"2017/10/04","254.9000","2833753.0000","254.4000","255.1500","254.2855"
"2017/10/03","254.5700","2205150.0000","254.1300","254.5900","253.9300"
"2017/10/02","253.9700","4039086.0000","253.1900","253.9900","253.1100"
"2017/09/29","252.9300","5551479.0000","252.0200","253.0200","251.8200"
"2017/09/28","252.0000","2686967.0000","251.3800","252.1300","251.3200"
"2017/09/27","251.7300","3768560.0000","251.6000","252.1700","250.5500"
"2017/09/26","250.7500","3613973.0000","251.1000","251.3700","250.4900"
"2017/09/25","251.8900","5197466.0000","252.1000","252.5200","251.0400"
"2017/09/22","252.3700","2451410.0000","252.0100","252.6000","251.9900"
"2017/09/21","252.3600","2927147.0000","252.8700","252.9450","252.1600"
"2017/09/20","253.1000","5502206.0000","253.0500","253.1600","251.9000"
"2017/09/19","252.9500","3613767.0000","252.9600","253.0500","252.5851"
"2017/09/18","252.7100","1672345.0000","252.5800","253.0900","252.2415"
"2017/09/15","252.1400","2542749.0000","251.7000","252.2400","251.5400"
"2017/09/14","251.8200","2997729.0000","251.5100","252.0300","251.3300"
"2017/09/13","251.9100","2138115.0000","251.4200","251.9400","251.3200"
"2017/09/12","251.8000","2668471.0000","251.3500","251.8100","251.1500"
"2017/09/11","250.9000","3152086.0000","249.7500","251.0100","249.7300"
"2017/09/08","248.1900","3297328.0000","248.1900","248.7900","247.9900"
"2017/09/07","248.6100","3547068.0000","248.9600","248.9600","248.0900"
"2017/09/06","248.6100","3780858.0000","248.5500","248.9750","247.9100"
"2017/09/05","247.7800","5104732.0000","248.9100","249.1900","246.6200"
"2017/09/01","249.5700","5905222.0000","249.6300","250.0300","249.3800"
"2017/08/31","249.1400","4855142.0000","248.3900","249.4600","248.3000"
"2017/08/30","247.7300","1939627.0000","246.5000","247.9900","246.2900"
"2017/08/29","246.5400","3595619.0000","244.7600","246.8100","244.5700"
"2017/08/28","246.2300","1899993.0000","246.8100","246.8500","245.7500"
"2017/08/25","246.1800","3188993.0000","246.5600","247.2700","246.0500"
"2017/08/24","245.6900","2315766.0000","246.6600","246.8300","245.3900"
"2017/08/23","246.1500","2484545.0000","245.9700","246.6905","245.8100"
"2017/08/22","247.0000","2191347.0000","245.2100","247.2750","245.1900"
"2017/08/21","244.5900","3513709.0000","244.2500","244.8200","243.4500"
"2017/08/18","244.2500","5010247.0000","244.5400","245.8000","243.8300"
"2017/08/17","244.8000","4994268.0000","247.9100","248.2700","244.7550"
"2017/08/16","248.6000","3204951.0000","248.7700","249.2400","248.1300"
"2017/08/15","248.1500","2075152.0000","248.6700","248.6700","247.8300"
"2017/08/14","248.1700","2551632.0000","247.2500","248.4500","247.2400"
"2017/08/11","245.7200","3288054.0000","245.6500","246.4400","245.3900"
"2017/08/10","245.4700","4150430.0000","247.9500","248.1000","245.3516"
"2017/08/09","248.9200","2354247.0000","248.1200","248.9900","247.7300"
"2017/08/08","248.9700","1867546.0000","249.1900","250.6000","248.5100"
"2017/08/07","249.5200","1464290.0000","249.1700","249.5500","249.0400"
"2017/08/04","249.0600","2099848.0000","249.2000","249.4700","248.6500"
"2017/08/03","248.6800","1904784.0000","248.9800","249.0100","248.3200"
"2017/08/02","249.1200","2860989.0000","249.1600","249.2800","248.0500"
"2017/08/01","248.9900","2712691.0000","249.1500","249.1800","248.4800"
"2017/07/31","248.4600","3439927.0000","249.0400","249.1500","248.2000"
"2017/07/28","248.5600","2469693.0000","248.3200","248.7288","247.8000"
"2017/07/27","248.9100","3432604.0000","249.6600","249.6850","247.3400"
"2017/07/26","249.1400","3766938.0000","249.4400","249.4800","248.8000"
"2017/07/25","249.0700","4706505.0000","249.3600","249.4800","248.8400"
"2017/07/24","248.4900","3197506.0000","248.4500","248.6454","247.9500"
"2017/07/21","248.5500","2592292.0000","248.1100","248.5700","247.8400"
"2017/07/20","248.7400","3550137.0000","248.9600","249.1000","248.1500"
"2017/07/19","248.6200","1787000.0000","247.7100","248.6700","247.6800"
"2017/07/18","247.3600","2576460.0000","246.7200","247.3800","246.3200"
"2017/07/17","247.1500","2890425.0000","247.1300","247.5800","246.9800"
"2017/07/14","247.1000","2222798.0000","246.0900","247.6300","245.9700"
"2017/07/13","246.0300","2611931.0000","245.6900","246.2000","245.4200"
"2017/07/12","245.6500","3135479.0000","244.9700","245.8400","244.9600"
"2017/07/11","243.8200","2684692.0000","243.8000","244.1700","242.4800"
"2017/07/10","243.9400","3396765.0000","243.5700","244.4200","243.4000"
"2017/07/07","243.7100","2466163.0000","242.8200","243.9100","242.6400"
"2017/07/06","242.1900","3827118.0000","243.5300","243.6500","241.9600"
"2017/07/05","244.3900","5420192.0000","244.2500","244.6300","243.3300"
"2017/07/03","243.8700","2299911.0000","244.5000","245.0100","243.8500"
"2017/06/30","243.4100","5779532.0000","243.9300","244.3300","243.2000"
"2017/06/29","243.0300","4609507.0000","245.3100","245.3600","241.5800"
"2017/06/28","245.1000","2858808.0000","244.1600","245.3400","243.8600"
"2017/06/27","243.0400","3772284.0000","244.6200","245.0100","242.9400"
"2017/06/26","246.0000","2729434.0000","246.6600","247.1412","245.7900"
"2017/06/23","245.8500","2265161.0000","245.6900","246.2666","245.2730"
"2017/06/22","245.6000","2368180.0000","245.7100","246.2850","245.3850"
"2017/06/21","245.6800","3036372.0000","246.1700","246.3400","245.1600"
"2017/06/20","245.7800","2785450.0000","246.9900","247.0000","245.7450"
"2017/06/19","247.3900","5248522.0000","246.3500","247.4900","246.2200"
"2017/06/16","245.1800","6978153.0000","245.5300","245.5400","244.3700"
"2017/06/15","245.3800","3807437.0000","244.2400","245.4700","243.9200"
"2017/06/14","245.8400","5982839.0000","246.4300","246.4900","244.8500"
"2017/06/13","246.1100","3569250.0000","245.5800","246.1900","245.1400"
"2017/06/12","244.9100","3989416.0000","244.6700","244.9800","243.9300"
"2017/06/09","244.9400","5729401.0000","245.6700","246.5700","243.4800"
"2017/06/08","245.3200","2281990.0000","245.3300","245.8900","244.7500"
"2017/06/07","245.2500","1759671.0000","245.1800","245.4800","244.3900"
"2017/06/06","244.8500","3054722.0000","244.8100","245.5100","244.6700"
"2017/06/05","245.5100","1747323.0000","245.5200","245.8436","245.3300"
"2017/06/02","245.6700","3170719.0000","244.9800","245.9100","244.6350"
"2017/06/01","244.8900","3384695.0000","243.4700","244.8900","243.1800"
"2017/05/31","242.9000","3346391.0000","243.3800","243.4300","242.1800"
"2017/05/30","243.0800","2363807.0000","242.8700","243.3200","242.7000"
"2017/05/26","243.2300","2106709.0000","243.0800","243.4200","242.9700"
"2017/05/25","243.2700","2687069.0000","242.7300","243.6100","242.4950"
"2017/05/24","242.1200","2053628.0000","241.8400","242.2500","241.4600"
"2017/05/23","241.5200","2346000.0000","241.5000","241.7499","241.0300"
"2017/05/22","241.0000","2458571.0000","240.3900","241.2200","240.3300"
"2017/05/19","239.8600","3052283.0000","238.8100","240.5900","238.7700"
"2017/05/18","238.1900","4583752.0000","237.1900","239.2300","236.9100"
"2017/05/17","237.3400","6999306.0000","239.6200","240.1300","237.2400"
"2017/05/16","241.5900","3783382.0000","242.1700","242.2000","241.1468"
"2017/05/15","241.7900","2122306.0000","241.0000","241.9600","240.9700"
"2017/05/12","240.5700","2076089.0000","240.6100","240.7000","240.1900"
"2017/05/11","240.9400","2633115.0000","240.8800","241.0800","239.6400"
"2017/05/10","241.3800","1884909.0000","240.8600","241.4000","240.6600"
"2017/05/09","240.9900","2840735.0000","241.5000","241.7000","240.5500"
"2017/05/08","241.1700","2411735.0000","241.3100","241.4500","240.6900"
"2017/05/05","241.2600","2574624.0000","240.6800","241.2600","240.2000"
"2017/05/04","240.2300","3997804.0000","240.3700","240.4400","239.2800"
"2017/05/03","240.0700","4746102.0000","239.8100","240.2600","239.2200"
"2017/05/02","240.3100","2639425.0000","240.3900","240.4900","239.8200"
"2017/05/01","240.2200","6852066.0000","240.1900","240.6800","239.7000"
"2017/04/28","239.5600","2589981.0000","240.4500","240.4500","239.4500"
"2017/04/27","240.0900","3393963.0000","240.2900","240.4600","239.4800"
"2017/04/26","239.9500","4795458.0000","240.0500","241.0500","239.8600"
"2017/04/25","240.0500","4149945.0000","239.4100","240.4700","239.3100"
"2017/04/24","238.6400","6335109.0000","238.7100","238.9200","238.1200"
"2017/04/21","236.1300","3469415.0000","236.7500","236.7798","235.6100"
"2017/04/20","236.7300","4790517.0000","235.6500","237.3300","235.2600"
"2017/04/19","234.9400","2311969.0000","236.0100","236.4400","234.6510"
"2017/04/18","235.3500","2745916.0000","235.1900","235.9600","234.5600"
"2017/04/17","236.0600","2642087.0000","234.5800","236.0600","234.3600"
"2017/04/13","234.0300","2997487.0000","235.0900","235.9500","234.0200"
"2017/04/12","235.5900","3354071.0000","236.2300","236.4200","235.2500"
"2017/04/11","236.5500","2700216.0000","236.3700","236.6500","234.8100"
"2017/04/10","236.8500","1921343.0000","236.8600","237.7300","236.2351"
"2017/04/07","236.6800","2278310.0000","236.6200","237.4801","236.1200"
"2017/04/06","236.9000","2329234.0000","236.4600","237.5000","235.9200"
"2017/04/05","236.2800","5826442.0000","237.7300","238.8700","236.0500"
"2017/04/04","236.9800","3037141.0000","236.4700","237.0600","236.0400"
"2017/04/03","236.8700","6405927.0000","237.3200","237.5200","235.3999"
"2017/03/31","237.2700","5580171.0000","237.3700","238.0000","237.1700"
"2017/03/30","237.7300","2520997.0000","236.9500","238.0100","236.7600"
"2017/03/29","237.1300","4213678.0000","236.4800","237.2900","236.2000"
"2017/03/28","236.7800","2979603.0000","234.7300","237.2800","234.6200"
"2017/03/27","235.0500","3364178.0000","233.4000","235.3800","233.1000"
"2017/03/24","235.3900","4124639.0000","235.8400","236.5000","234.4300"
"2017/03/23","236.5200","6110224.0000","236.5100","237.8400","236.1000"
"2017/03/22","236.7800","3621588.0000","236.2700","237.1000","235.5600"
"2017/03/21","236.2600","4904795.0000","240.0200","240.1200","236.0700"
"2017/03/20","239.2635","2484775.0000","239.5600","239.8700","238.8496"
"2017/03/17","239.5900","3024221.0000","240.3700","240.4900","239.5800"
"2017/03/16","240.0800","4628440.0000","240.6100","240.7000","239.6000"
"2017/03/15","240.3900","3936643.0000","239.0500","240.9300","238.7800"
"2017/03/14","238.4400","2935681.0000","238.6500","238.7285","237.6600"
"2017/03/13","239.2900","1951948.0000","239.1000","239.3400","238.7300"
"2017/03/10","239.1500","2877017.0000","239.4700","239.5200","238.0691"
"2017/03/09","238.3200","2561529.0000","238.1600","238.7100","237.2200"
"2017/03/08","238.0900","3586287.0000","238.8400","239.0900","237.8787"
"2017/03/07","238.5700","7260849.0000","238.8500","239.2500","238.2600"
"2017/03/06","239.2700","3257490.0000","238.9900","239.6000","238.5000"
"2017/03/03","239.9700","3069790.0000","239.6600","240.1100","239.2200"
"2017/03/02","239.8300","3227318.0000","241.0800","241.0800","239.7000"
"2017/03/01","241.2200","4578156.0000","239.8600","241.8100","239.8500"
"2017/02/28","238.0300","3363673.0000","238.1800","238.4200","237.5000"
"2017/02/27","238.6300","2435273.0000","238.1100","238.7800","237.8200"
"2017/02/24","238.2600","2465369.0000","236.9300","238.2600","236.8800"
"2017/02/23","237.9700","2238882.0000","238.3800","238.3800","237.0253"
"2017/02/22","237.7800","2949981.0000","237.4800","238.0200","237.3000"
"2017/02/21","237.9200","2596793.0000","237.0000","238.1500","236.9900"
"2017/02/17","236.4900","2351763.0000","235.3900","236.5100","235.3900"
"2017/02/16","236.2200","3401891.0000","236.4200","236.6000","235.3300"
"2017/02/15","236.3400","3777136.0000","234.9100","236.5966","234.8500"
"2017/02/14","235.1400","3020971.0000","234.0200","235.1500","233.5900"
"2017/02/13","234.2000","2641225.0000","233.5500","234.5100","233.4900"
"2017/02/10","232.9100","2683920.0000","232.4400","233.1900","232.3000"
"2017/02/09","232.0000","3268588.0000","230.9600","232.3558","230.9300"
"2017/02/08","230.6500","1963679.0000","230.0000","230.7900","229.7200"
"2017/02/07","230.3700","2331368.0000","230.8000","231.0553","230.1110"
"2017/02/06","230.3800","1673980.0000","230.2600","230.7221","229.9500"
"2017/02/03","230.7900","1837538.0000","230.2200","230.9300","229.8522"
"2017/02/02","229.1300","3178400.0000","228.6100","229.4800","228.2200"
"2017/02/01","229.0500","6480665.0000","229.6900","229.9700","228.3300"
"2017/01/31","228.9300","4792928.0000","228.3300","228.9700","227.7200"
"2017/01/30","229.0300","3812049.0000","229.5500","229.6000","227.7979"
"2017/01/27","230.4000","2511645.0000","230.8200","230.9617","230.1700"
"2017/01/26","230.7500","3277914.0000","230.7900","231.1000","230.4000"
"2017/01/25","230.8200","3863970.0000","230.0900","230.9617","229.8900"
"2017/01/24","228.9600","2516313.0000","227.8000","229.4700","227.6598"
"2017/01/23","227.5700","3770505.0000","227.7400","228.1800","226.6600"
"2017/01/20","228.1000","3079280.0000","228.0800","228.6900","227.4400"
"2017/01/19","227.3500","2588707.0000","228.2100","228.4000","226.7900"
"2017/01/18","228.0800","3210173.0000","227.9500","228.1700","227.2900"
"2017/01/17","227.6400","4929087.0000","227.7100","228.1650","227.1900"
"2017/01/13","228.3900","4580839.0000","228.1300","228.7900","228.0700"
"2017/01/12","227.9700","3535389.0000","227.8800","228.1400","226.3200"
"2017/01/11","228.4100","4012745.0000","227.7600","228.4300","226.9600"
"2017/01/10","227.8000","2961610.0000","227.8300","228.8203","227.3800"
"2017/01/09","227.9000","2355230.0000","228.2700","228.4700","227.8100"
"2017/01/06","228.6400","3107214.0000","227.9100","229.1300","227.2800"
"2017/01/05","227.7400","2969801.0000","227.6300","227.9600","226.8500"
"2017/01/04","227.9500","4098998.0000","226.9600","228.1100","226.9500"
"2017/01/03","226.5800","6396363.0000","226.4000","227.1999","225.2400"
"2016/12/30","224.9900","5462415.0000","226.1300","226.2000","224.0900"
"2016/12/29","225.7500","4484439.0000","225.8500","226.2500","225.2100"
"2016/12/28","225.7700","3972331.0000","227.9500","227.9500","225.6400"
"2016/12/27","227.6400","2560648.0000","227.3900","228.1000","227.3900"
"2016/12/23","227.0000","2612705.0000","226.8200","227.0800","226.5800"
"2016/12/22","226.8500","2276823.0000","226.9700","227.1000","226.2930"
"2016/12/21","227.1800","2818971.0000","227.6700","227.8300","227.1400"
"2016/12/20","229.0500","3590748.0000","228.8200","229.2400","228.5450"
"2016/12/19","228.1500","4271251.0000","227.9100","228.6800","227.7600"
"2016/12/16","227.7300","5192795.0000","228.6700","228.7400","227.3300"
"2016/12/15","228.0800","4934203.0000","227.5000","229.1600","227.3420"
"2016/12/14","227.3200","8444913.0000","228.7400","229.5900","226.6910"
"2016/12/13","229.0500","5940551.0000","228.3800","229.6900","228.3400"
"2016/12/12","227.5700","4742256.0000","227.7400","228.2900","227.0900"
"2016/12/09","227.8500","4484717.0000","226.7200","227.8500","226.6900"
"2016/12/08","226.4100","4662050.0000","225.9000","227.0066","225.5600"
"2016/12/07","225.8700","3498494.0000","222.8300","225.9700","222.6600"
"2016/12/06","222.9900","3124518.0000","222.5100","223.0185","221.9300"
"2016/12/05","222.1900","2441784.0000","221.9400","222.6700","221.6974"
"2016/12/02","220.9100","3309576.0000","220.9300","221.5000","220.5200"
"2016/12/01","220.7300","3842202.0000","221.9700","221.9800","220.4200"
"2016/11/30","221.5300","6248839.0000","222.9400","223.1000","221.5300"
"2016/11/29","222.1900","3569662.0000","221.8100","222.7200","221.4300"
"2016/11/28","221.8300","4820720.0000","222.4300","222.7500","221.6300"
"2016/11/25","222.8100","1850782.0000","222.3600","222.8200","222.2900"
"2016/11/23","222.0000","3758472.0000","221.2500","222.0300","221.0100"
"2016/11/22","221.7600","3062262.0000","221.8000","222.0500","220.9900"
"2016/11/21","221.3900","3181396.0000","220.4200","221.4399","220.2600"
"2016/11/18","219.7900","4573051.0000","220.3100","220.5200","219.5300"
"2016/11/17","220.2300","5749692.0000","219.3200","220.3100","219.1700"
"2016/11/16","219.2400","4248514.0000","218.7800","219.3800","218.6700"
"2016/11/15","219.5200","5304554.0000","218.2900","219.5200","218.0200"
"2016/11/14","217.7900","3747632.0000","218.3700","218.5000","216.9499"
"2016/11/11","217.7300","7363457.0000","217.3200","217.9200","216.5500"
"2016/11/10","218.1200","8137025.0000","218.5800","219.5500","216.4500"
"2016/11/09","217.6900","9806763.0000","213.5100","218.3400","213.4700"
"2016/11/08","215.3100","6417578.0000","213.9200","216.0000","213.6000"
"2016/11/07","214.3200","8402496.0000","212.6500","214.3900","212.4900"
"2016/11/04","209.6700","3931604.0000","210.0900","211.0700","209.5700"
"2016/11/03","210.0200","3740285.0000","211.1700","211.4100","209.6400"
"2016/11/02","210.9000","3788513.0000","211.8700","212.2900","210.4100"
"2016/11/01","212.2300","8078975.0000","214.1300","214.1800","210.7900"
"2016/10/31","213.6900","4264486.0000","214.1600","214.3900","213.5700"
"2016/10/28","213.7500","3880629.0000","214.3300","215.1400","212.9300"
"2016/10/27","214.3800","2882118.0000","215.8100","215.8300","214.3000"
"2016/10/26","214.9700","2501306.0000","214.4200","215.6400","214.1600"
"2016/10/25","215.4200","2189096.0000","215.9000","216.2000","215.2100"
"2016/10/24","216.1100","2259707.0000","216.2300","216.5300","215.7016"
"2016/10/21","215.1600","2227363.0000","214.1900","215.3000","213.9900"
"2016/10/20","215.0600","2519532.0000","215.1000","215.7500","214.3300"
"2016/10/19","215.4300","2718174.0000","215.2000","215.8500","214.8200"
"2016/10/18","214.9000","1602528.0000","215.4500","215.5000","214.4900"
"2016/10/17","213.5800","2932766.0000","214.2900","214.5950","213.3900"
"2016/10/14","214.2900","3713199.0000","215.3900","215.9100","214.2500"
"2016/10/13","214.2700","4465415.0000","213.3500","214.8100","212.4133"
"2016/10/12","214.9300","2414453.0000","214.8200","215.5300","214.2260"
"2016/10/11","214.6600","3985398.0000","216.8800","216.9500","213.7900"
"2016/10/10","217.3400","2642403.0000","217.3700","217.9300","217.2200"
"2016/10/07","216.2500","7719757.0000","217.3300","217.5800","215.4000"
"2016/10/06","217.1000","2436411.0000","216.5900","217.2600","215.9600"
"2016/10/05","216.8900","2860508.0000","216.6100","217.3500","216.5600"
"2016/10/04","215.9400","3317927.0000","217.1600","217.4000","215.2300"
"2016/10/03","216.8900","4753833.0000","217.0300","217.2700","216.2600"
"2016/09/30","217.5600","3952716.0000","216.8800","218.3500","216.6000"
"2016/09/29","215.9400","3904214.0000","217.6400","218.1000","215.2800"
"2016/09/28","217.9000","2140096.0000","217.0700","218.0300","215.9500"
"2016/09/27","216.7600","3251815.0000","215.2600","216.9000","214.8400"
"2016/09/26","215.4500","3017786.0000","216.2500","216.4600","215.2400"
"2016/09/23","218.3500","2483175.0000","219.0600","219.2100","218.2300"
"2016/09/22","219.5000","4355301.0000","219.3600","219.8800","219.0601"
"2016/09/21","218.1600","4110985.0000","216.5500","218.3600","215.7600"
"2016/09/20","215.7500","2005397.0000","216.7100","216.9100","215.6900"
"2016/09/19","215.7300","2089260.0000","216.4900","217.2100","215.3400"
"2016/09/16","215.6200","5064693.0000","215.7800","216.0000","214.8700"
"2016/09/15","216.5200","3416201.0000","214.1400","216.9699","213.9600"
"2016/09/14","214.3500","4224297.0000","214.5300","215.9300","213.7100"
"2016/09/13","214.4700","6511965.0000","216.0500","216.3699","213.7500"
"2016/09/12","217.6300","5110842.0000","213.5900","218.0592","213.5400"
"2016/09/09","214.5400","7333702.0000","218.2700","218.2800","214.4800"
"2016/09/08","219.8100","3038008.0000","219.8900","220.2200","219.4300"
"2016/09/07","220.3300","3668146.0000","220.1200","220.4800","219.5800"
"2016/09/06","220.3700","3359745.0000","219.9500","220.3700","219.1200"
"2016/09/02","219.6300","2301408.0000","219.7000","220.1400","218.9800"
"2016/09/01","218.6700","3249153.0000","218.6400","218.9900","217.2800"
"2016/08/31","218.6500","2531730.0000","218.8900","219.0100","217.7300"
"2016/08/30","219.2600","1548081.0000","219.5500","219.8248","218.6100"
"2016/08/29","219.6000","1576322.0000","218.7100","219.9100","218.6400"
"2016/08/26","218.5600","4310410.0000","219.1600","220.3900","217.5000"
"2016/08/25","218.9500","4890398.0000","218.6600","219.4500","218.4800"
"2016/08/24","219.1700","1526870.0000","220.0600","220.1700","218.6400"
"2016/08/23","220.2100","1697982.0000","220.5100","220.8800","220.1600"
"2016/08/22","219.7500","1138768.0000","219.5500","220.0550","219.0900"
"2016/08/19","219.8200","1657542.0000","219.5900","220.0100","219.0000"
"2016/08/18","220.1600","1888360.0000","219.6000","220.1600","219.4800"
"2016/08/17","219.6500","2903074.0000","219.2700","219.7900","218.2800"
"2016/08/16","219.2500","2987881.0000","219.8600","219.9300","219.2300"
"2016/08/15","220.3700","1337846.0000","220.1500","220.7600","220.1500"
"2016/08/12","219.7100","1563325.0000","219.5600","219.9700","219.2600"
"2016/08/11","219.8900","1791721.0000","219.5400","220.2000","219.2100"
"2016/08/10","218.8800","2775143.0000","219.6000","219.6700","218.4700"
"2016/08/09","219.4200","1665882.0000","219.4200","220.0100","219.0576"
"2016/08/08","219.2800","1572654.0000","219.6600","219.7799","219.0000"
"2016/08/05","219.4000","3348537.0000","218.5100","219.4800","218.3300"
"2016/08/04","217.6700","2138178.0000","217.5600","218.0200","217.0700"
"2016/08/03","217.4700","2448341.0000","216.7300","217.4800","216.3900"
"2016/08/02","216.8300","4832191.0000","217.9100","218.0700","215.8110"
"2016/08/01","218.1200","3693740.0000","218.4700","218.9000","217.6500"
"2016/07/29","218.3700","3093514.0000","217.7200","218.7900","217.3800"
"2016/07/28","218.0400","1844320.0000","217.5200","218.3700","217.0000"
"2016/07/27","217.7800","4741766.0000","218.4200","218.5100","216.8800"
"2016/07/26","218.0000","3090945.0000","217.8200","218.4200","217.0010"
"2016/07/25","217.9100","1702726.0000","218.2400","218.3100","217.2200"
"2016/07/22","218.4700","4733869.0000","217.6500","218.5600","217.3500"
"2016/07/21","217.5200","1791239.0000","218.1900","218.4700","216.9900"
"2016/07/20","218.3100","1836994.0000","217.9900","218.6000","217.4700"
"2016/07/19","217.3900","1885536.0000","217.1800","217.4600","216.8800"
"2016/07/18","217.6300","4112751.0000","217.1700","217.8600","216.9000"
"2016/07/15","217.0300","3686745.0000","218.0200","218.0500","216.5400"
"2016/07/14","217.3500","5336221.0000","217.6300","217.9100","216.9000"
"2016/07/13","216.1600","3845237.0000","216.6700","216.6950","215.5900"
"2016/07/12","216.1800","4713756.0000","215.7700","216.5300","215.4900"
"2016/07/11","214.6700","3288068.0000","214.4200","215.2800","214.1795"
"2016/07/08","213.8600","3206859.0000","212.2400","214.1500","212.0000"
"2016/07/07","210.6600","3485783.0000","211.0700","211.8400","209.8400"
"2016/07/06","210.8400","6271003.0000","209.0200","210.9900","208.2500"
"2016/07/05","209.6400","6212294.0000","210.1400","210.2700","208.9000"
"2016/07/01","211.1300","4743663.0000","210.5500","211.6910","210.5400"
"2016/06/30","210.5000","6025112.0000","208.4100","210.7200","207.7400"
"2016/06/29","207.8000","6639645.0000","206.0100","208.1000","205.8900"
"2016/06/28","204.3800","7079321.0000","202.6400","204.3800","202.2650"
"2016/06/27","200.6300","8048050.0000","202.7500","202.7700","199.7900"
"2016/06/24","204.4900","15206930.0000","204.8300","208.0600","203.8800"
"2016/06/23","212.0000","2707543.0000","210.9900","212.0200","210.4600"
"2016/06/22","209.2700","3103625.0000","209.8200","210.6900","209.1100"
"2016/06/21","209.6200","2706085.0000","209.4700","210.0700","208.9600"
"2016/06/20","210.0400","4395432.0000","210.9900","211.7900","209.9100"
"2016/06/17","208.6600","3653497.0000","209.3200","209.3800","207.9000"
"2016/06/16","209.4500","3748941.0000","207.8100","209.6600","206.6500"
"2016/06/15","208.7700","3853165.0000","209.6300","210.4400","208.6000"
"2016/06/14","209.1400","4763405.0000","209.1200","209.8299","208.0000"
"2016/06/13","209.5200","3657550.0000","210.4800","211.4800","209.4400"
"2016/06/10","211.1900","3254493.0000","211.5800","211.9700","210.5400"
"2016/06/09","213.2000","2153353.0000","212.6200","213.3500","212.3200"
"2016/06/08","213.4500","1625106.0000","212.9400","213.6400","212.8100"
"2016/06/07","212.7700","2590476.0000","212.6600","213.4600","212.6200"
"2016/06/06","212.5200","2977011.0000","211.8200","212.8800","211.6200"
"2016/06/03","211.3500","3327786.0000","211.3400","211.8000","209.9800"
"2016/06/02","212.0600","3645058.0000","210.9100","212.0600","210.3300"
"2016/06/01","211.3700","2874110.0000","210.2500","211.5800","209.9900"
"2016/05/31","210.9700","3585216.0000","211.6600","211.8000","210.2700"
"2016/05/27","211.3000","2488866.0000","210.6100","211.3100","210.5600"
"2016/05/26","210.4300","2021294.0000","210.5600","210.8100","210.0500"
"2016/05/25","210.3500","2453132.0000","209.7500","210.8500","209.7100"
"2016/05/24","208.9400","2613546.0000","207.2500","209.3200","207.2000"
"2016/05/23","206.2600","2118140.0000","206.5500","206.9000","206.0400"
"2016/05/20","206.5400","2658676.0000","205.9900","207.1600","205.9000"
"2016/05/19","205.2900","3839188.0000","205.0800","205.5800","203.8000"
"2016/05/18","206.0200","4255107.0000","205.4800","207.3500","204.6900"
"2016/05/17","206.0000","4337281.0000","207.5200","207.8700","205.2864"
"2016/05/16","207.8300","2635805.0000","206.0000","208.4100","205.9500"
"2016/05/13","205.7500","4859597.0000","207.2500","207.9100","205.4400"
"2016/05/12","207.6700","3348027.0000","208.3600","208.5500","206.4400"
"2016/05/11","207.5700","3111162.0000","208.9800","209.4000","207.5700"
"2016/05/10","209.5200","2889178.0000","207.7900","209.5400","207.7200"
"2016/05/09","207.0100","2813219.0000","206.6300","207.4300","206.4300"
"2016/05/06","206.8100","2383659.0000","205.1300","206.8100","204.9400"
"2016/05/05","206.0100","2157999.0000","206.5900","207.0100","205.5100"
"2016/05/04","206.0700","2467967.0000","206.0500","206.8900","205.4800"
"2016/05/03","207.2500","3405638.0000","207.5500","207.8571","206.3599"
"2016/05/02","209.0800","3476948.0000","208.0100","209.2600","207.4800"
"2016/04/29","207.4600","4362330.0000","207.8100","208.1900","206.1000"
"2016/04/28","208.5800","4407787.0000","209.5500","210.8500","208.0300"
"2016/04/27","210.4000","2817110.0000","209.5100","210.9000","209.1400"
"2016/04/26","210.0100","2227205.0000","210.1300","210.5999","209.4500"
"2016/04/25","209.6600","2766468.0000","209.3700","209.6900","208.6100"
"2016/04/22","210.0300","3286351.0000","209.6400","210.3500","209.0000"
"2016/04/21","210.0600","2968073.0000","211.2100","211.3300","209.7300"
"2016/04/20","211.1100","2457854.0000","211.0300","212.0000","210.4800"
"2016/04/19","210.9500","3400235.0000","210.8100","211.2799","210.0200"
"2016/04/18","210.3100","3474005.0000","208.2000","210.3500","208.0700"
"2016/04/15","208.7900","2828450.0000","209.1200","209.1700","208.4776"
"2016/04/14","209.1200","2510655.0000","209.1400","209.6600","208.6800"
"2016/04/13","209.1000","3195709.0000","208.0500","209.1600","207.9100"
"2016/04/12","207.0200","2453303.0000","205.2700","207.3200","204.7500"
"2016/04/11","205.0000","2742963.0000","206.3000","207.1100","204.9500"
"2016/04/08","205.5800","2432437.0000","206.3800","206.8800","204.9200"
"2016/04/07","204.9700","7174645.0000","206.2200","206.5900","204.1300"
"2016/04/06","207.4800","2896998.0000","205.3400","207.5400","205.0200"
"2016/04/05","205.2600","3062673.0000","205.7500","206.2700","204.9300"
"2016/04/04","207.2900","3050796.0000","207.9200","208.1250","206.9500"
"2016/04/01","207.9700","4127493.0000","205.4100","208.2000","205.0500"
"2016/03/31","206.6500","4603237.0000","206.9600","207.4500","206.3800"
"2016/03/30","207.1300","2760755.0000","207.3300","207.9100","206.6500"
"2016/03/29","206.2600","3918948.0000","203.8100","206.2600","203.4300"
"2016/03/28","204.3100","2277149.0000","204.6700","204.8800","203.7500"
"2016/03/24","204.1800","3317121.0000","203.0500","204.2000","202.7700"
"2016/03/23","204.3000","2980785.0000","205.1300","205.3600","204.0500"
"2016/03/22","206.7500","4602590.0000","205.9200","207.4000","205.7300"
"2016/03/21","206.8700","4763421.0000","206.2500","207.1100","205.9600"
"2016/03/18","206.5700","6272981.0000","206.3800","206.9400","205.9600"
"2016/03/17","205.8100","5149998.0000","204.3500","206.3300","203.8600"
"2016/03/16","204.5200","3510343.0000","202.6400","204.9000","202.5900"
"2016/03/15","203.2200","4213249.0000","202.4400","203.2800","202.1200"
"2016/03/14","203.5600","4579187.0000","203.2500","204.1300","202.8500"
"2016/03/11","203.8400","2675540.0000","202.3200","203.8800","202.2000"
"2016/03/10","200.5200","3363115.0000","201.0000","202.1100","198.4600"
"2016/03/09","200.4100","3236895.0000","200.3900","200.8000","199.4501"
"2016/03/08","199.3800","3310932.0000","200.3650","200.9600","199.2500"
"2016/03/07","201.6800","3868462.0000","200.4100","202.1200","200.2900"
"2016/03/04","201.4800","3465651.0000","201.0800","202.4000","200.1000"
"2016/03/03","200.7800","3086604.0000","199.7900","200.8300","199.1400"
"2016/03/02","200.0700","4428018.0000","198.7200","200.0900","198.2800"
"2016/03/01","199.1900","5127146.0000","196.0200","199.2100","195.4700"
"2016/02/29","194.5100","5022357.0000","196.1400","197.2460","194.4200"
"2016/02/26","196.1500","4392586.0000","197.5800","197.6800","195.8901"
"2016/02/25","196.5000","2725027.0000","194.7100","196.5600","193.8200"
"2016/02/24","194.2200","2963970.0000","191.5900","194.5000","190.2700"
"2016/02/23","193.3400","2725477.0000","195.0200","195.2800","193.1600"
"2016/02/22","195.7200","2514408.0000","194.8500","195.9300","194.7900"
"2016/02/19","192.9300","2521624.0000","192.1300","193.1400","191.4200"
"2016/02/18","193.0500","3708975.0000","194.2000","194.2499","192.6900"
"2016/02/17","193.8300","3891403.0000","192.1200","194.2800","191.9700"
"2016/02/16","190.6700","3439821.0000","189.7600","190.7360","188.5600"
"2016/02/12","187.5500","3273447.0000","185.8400","187.5800","184.8700"
"2016/02/11","183.8300","5838765.0000","183.1800","184.9600","182.0200"
"2016/02/10","186.1500","3832489.0000","187.3000","189.2360","186.0400"
"2016/02/09","186.2400","5579391.0000","184.2100","187.8700","184.1100"
"2016/02/08","186.3100","8096730.0000","186.6800","187.0015","183.7200"
"2016/02/05","188.8500","5561187.0000","191.9600","192.0200","188.1400"
"2016/02/04","192.5300","4501120.0000","191.7100","193.6900","190.9300"
"2016/02/03","192.1100","7296525.0000","192.3900","192.7200","188.0453"
"2016/02/02","191.0900","7103914.0000","192.9400","192.9400","190.4750"
"2016/02/01","194.6000","6205910.0000","193.4700","195.5301","192.7950"
"2016/01/29","194.6200","7807161.0000","190.9400","194.6900","190.8200"
"2016/01/28","190.1100","5355235.0000","190.9000","191.1000","188.0800"
"2016/01/27","189.0800","5651429.0000","190.6100","192.5000","187.9800"
"2016/01/26","191.1300","4640405.0000","189.3600","191.4400","188.9400"
"2016/01/25","188.5700","4075494.0000","190.8600","191.0800","188.3400"
"2016/01/22","191.4900","4370066.0000","190.7100","191.6700","189.8200"
"2016/01/21","187.6200","8803799.0000","187.1100","189.7900","185.5800"
"2016/01/20","186.6500","10176310.0000","185.9300","188.4100","181.9001"
"2016/01/19","188.8400","7616229.0000","190.8000","191.0100","187.1201"
"2016/01/15","188.7400","8830662.0000","187.6400","189.6900","186.4600"
"2016/01/14","192.8000","6909744.0000","190.4800","194.2000","188.5700"
"2016/01/13","189.7900","7002810.0000","195.3500","195.8100","189.3000"
"2016/01/12","194.5200","5444399.0000","194.8500","195.5000","192.0800"
"2016/01/11","193.0300","7485950.0000","193.9500","194.3300","190.7800"
"2016/01/08","192.8300","8902517.0000","196.1350","196.8117","192.5200"
"2016/01/07","194.9900","7543504.0000","196.3000","198.4000","194.5700"
"2016/01/06","199.7700","5496578.0000","199.3600","201.0200","198.5700"
"2016/01/05","202.4200","5262104.0000","202.3100","202.8800","201.0350"
"2016/01/04","202.0000","7439374.0000","201.4700","202.0100","199.5900"
"2015/12/31","204.8700","6230735.0000","206.2100","206.9000","204.8700"
"2015/12/30","206.9700","5181777.0000","208.1300","208.2100","206.7800"
"2015/12/29","208.5100","4690373.0000","207.5600","208.8000","207.5000"
"2015/12/28","206.3400","3710848.0000","206.0900","206.4500","205.1500"
"2015/12/24","206.8300","2254651.0000","206.9800","207.5400","206.6428"
"2015/12/23","208.4400","5300056.0000","207.0800","208.4600","206.9400"
"2015/12/22","205.8500","4574105.0000","205.0400","206.2300","203.9100"
"2015/12/21","203.9600","3704599.0000","203.8300","204.2300","202.4300"
"2015/12/18","202.2200","7049444.0000","205.1300","205.2300","202.1400"
"2015/12/17","206.0800","6566375.0000","209.5900","209.6800","206.0000"
"2015/12/16","209.1700","5649246.0000","207.6200","209.5799","205.9200"
"2015/12/15","206.1900","4734399.0000","205.8700","207.2500","205.6800"
"2015/12/14","204.1800","8134173.0000","203.2200","204.1800","201.1000"
"2015/12/11","202.8900","8088508.0000","204.5900","205.2600","202.6300"
"2015/12/10","207.0100","6195577.0000","206.6100","208.5800","206.3000"
"2015/12/09","206.4900","5731725.0000","207.3800","209.8500","205.3600"
"2015/12/08","208.1300","7065160.0000","207.6700","209.2000","206.9400"
"2015/12/07","209.5000","5874704.0000","210.4000","210.4499","208.3700"
"2015/12/04","210.8000","6690208.0000","207.2500","211.1700","207.0900"
"2015/12/03","206.7600","5915717.0000","210.0300","210.3400","205.9100"
"2015/12/02","209.7400","3846733.0000","211.8400","212.2000","209.4100"
"2015/12/01","211.9300","4190153.0000","210.6400","212.0300","210.3100"
"2015/11/30","209.8700","5283908.0000","211.0000","211.0800","209.7500"
"2015/11/27","210.7100","1062424.0000","210.6000","210.9900","210.0600"
"2015/11/25","210.5300","1886954.0000","210.7300","210.9300","210.2460"
"2015/11/24","210.5200","3222020.0000","208.9600","211.0100","208.6100"
"2015/11/23","210.2200","2329177.0000","210.4800","211.1700","209.7100"
"2015/11/20","210.6200","5014065.0000","210.6600","211.3200","210.0600"
"2015/11/19","209.6700","3369007.0000","209.7900","210.2400","209.4000"
"2015/11/18","209.8700","4701609.0000","207.2000","210.0900","207.1700"
"2015/11/17","206.5500","8067895.0000","207.1400","208.2000","206.0400"
"2015/11/16","206.8200","4713573.0000","203.4100","206.8200","203.3100"
"2015/11/13","203.6700","6863333.0000","205.4600","205.8200","203.5700"
"2015/11/12","205.9700","4299083.0000","207.6500","208.2200","205.9700"
"2015/11/11","208.9100","2044484.0000","210.0800","210.1100","208.8400"
"2015/11/10","209.7200","3550026.0000","208.6900","209.7800","208.3600"
"2015/11/09","209.2100","3548585.0000","210.4800","210.6200","208.1300"
"2015/11/06","211.2400","3182688.0000","210.9300","211.5100","209.6600"
"2015/11/05","211.3200","2726766.0000","211.6500","212.2000","210.2800"
"2015/11/04","211.5800","3355485.0000","212.5100","212.6900","210.9400"
"2015/11/03","212.1300","3077908.0000","211.1400","212.8700","210.9100"
"2015/11/02","211.6000","4297343.0000","209.5200","211.8100","209.3700"
"2015/10/30","209.0500","3971304.0000","210.2600","210.6100","208.9300"
"2015/10/29","210.0000","3382881.0000","209.5400","210.4400","209.3900"
"2015/10/28","210.1100","4517547.0000","208.1900","210.1400","207.3900"
"2015/10/27","207.7800","4240542.0000","207.3300","208.1700","206.9500"
"2015/10/26","208.1800","3308558.0000","208.4900","208.5250","207.7500"
"2015/10/23","208.6600","4272521.0000","208.4700","209.1100","207.4700"
"2015/10/22","206.3400","4172569.0000","204.1500","206.6500","203.9600"
"2015/10/21","203.0000","5138249.0000","204.8000","205.0200","202.7800"
"2015/10/20","204.1900","2439730.0000","204.0500","204.9800","203.7000"
"2015/10/19","204.4900","3959915.0000","203.6600","204.5100","203.2800"
"2015/10/16","204.3300","3678901.0000","203.9500","204.4100","203.0500"
"2015/10/15","203.4300","3015008.0000","201.2700","203.4700","200.7600"
"2015/10/14","200.3600","2526133.0000","201.3200","202.0000","200.0700"
"2015/10/13","201.3700","3840546.0000","201.7600","203.2800","201.1800"
"2015/10/12","202.6800","2128929.0000","202.5500","202.8700","202.0400"
"2015/10/09","202.5000","3299568.0000","202.6300","203.0300","201.7250"
"2015/10/08","202.3500","5945239.0000","199.9800","202.6700","199.7000"
"2015/10/07","200.5100","4975064.0000","200.0500","200.9300","198.5900"
"2015/10/06","198.8700","4450177.0000","199.4200","200.0800","198.0900"
"2015/10/05","199.6200","4802481.0000","197.5400","199.8400","197.4300"
"2015/10/02","196.0700","4667359.0000","190.8000","196.0700","190.1900"
"2015/10/01","193.2400","6009634.0000","193.1400","193.5300","190.8800"
"2015/09/30","192.7100","7919153.0000","191.4900","192.8800","190.4900"
"2015/09/29","189.0400","9001773.0000","189.3000","190.7700","187.9700"
"2015/09/28","189.0100","11841000.0000","192.8500","192.9525","188.7100"
"2015/09/25","193.8500","7237725.0000","195.8000","196.0900","192.8800"
"2015/09/24","195.0600","6844682.0000","194.3200","195.5900","192.6900"
"2015/09/23","195.7600","4725444.0000","196.2600","196.8300","195.0800"
"2015/09/22","196.0900","4985873.0000","195.9800","196.6399","194.7400"
"2015/09/21","198.5900","4907695.0000","198.6200","199.8700","197.4000"
"2015/09/18","197.5500","5982016.0000","198.0000","199.7499","197.1500"
"2015/09/17","200.9000","8791534.0000","201.1500","204.0500","200.4900"
"2015/09/16","201.4100","5331509.0000","199.9200","201.5900","199.6000"
"2015/09/15","199.6200","4680911.0000","197.8300","200.1500","197.2300"
"2015/09/14","197.1500","2576520.0000","198.0600","198.1500","196.5600"
"2015/09/11","197.9200","3392037.0000","196.4400","197.9500","195.6600"
"2015/09/10","196.9600","4904234.0000","195.6900","198.3700","195.3800"
"2015/09/09","195.9100","7628135.0000","200.4400","200.6300","195.4600"
"2015/09/08","198.6700","6465837.0000","197.0600","198.7500","196.3100"
"2015/09/04","193.6600","7236741.0000","194.0100","194.9500","192.7100"
"2015/09/03","196.7100","9065135.0000","197.4000","199.2100","196.0800"
"2015/09/02","196.5400","8960236.0000","195.7800","196.5900","193.5350"
"2015/09/01","192.7300","12410660.0000","194.2800","195.8800","191.8300"
"2015/08/31","198.7500","7315133.0000","199.3500","200.2900","198.1800"
"2015/08/28","200.4800","5822543.0000","199.6600","200.9900","199.0900"
"2015/08/27","200.4900","9718678.0000","198.2500","200.5600","196.3400"
"2015/08/26","195.6800","13442500.0000","193.2400","195.8800","189.4700"
"2015/08/25","188.2800","8893354.0000","196.5100","196.9400","188.0400"
"2015/08/24","190.5200","13185620.0000","188.5100","196.9600","147.2100"
"2015/08/21","198.8100","14980590.0000","203.0000","204.1200","198.6900"
"2015/08/20","205.1200","8387574.0000","207.7900","208.3900","205.1200"
"2015/08/19","209.5700","5296478.0000","210.3800","211.2800","208.6000"
"2015/08/18","211.2700","1960475.0000","211.5600","211.9400","210.9675"
"2015/08/17","211.8700","2412930.0000","209.9400","211.8700","209.4000"
"2015/08/14","210.6300","2011630.0000","209.7000","210.7600","209.5200"
"2015/08/13","209.9100","2648068.0000","210.0000","210.8060","209.2800"
"2015/08/12","210.1200","4090574.0000","208.3500","210.3900","206.6300"
"2015/08/11","209.9200","2777468.0000","210.2300","210.7103","209.0200"
"2015/08/10","211.8300","2173005.0000","210.5600","211.9300","210.5600"
"2015/08/07","209.1800","3556842.0000","209.4300","209.5700","208.1377"
"2015/08/06","209.6900","2999736.0000","211.5200","211.6900","208.9000"
"2015/08/05","211.3900","2819988.0000","211.7400","212.5800","211.0000"
"2015/08/04","210.6000","3046470.0000","211.0000","211.5000","210.0700"
"2015/08/03","211.0400","5257077.0000","211.7000","211.8000","209.9300"
"2015/07/31","211.7600","4473927.0000","212.7400","212.7400","211.4400"
"2015/07/30","212.0600","2181426.0000","211.4300","212.2900","210.7000"
"2015/07/29","211.9900","3765203.0000","210.7700","212.3100","210.5740"
"2015/07/28","210.5800","2766356.0000","209.0600","210.7600","208.0700"
"2015/07/27","207.9900","4497240.0000","208.1800","208.8000","207.5100"
"2015/07/24","209.2500","3545266.0000","211.5600","211.6400","208.8600"
"2015/07/23","211.4700","2800192.0000","212.8300","212.9100","211.0400"
"2015/07/22","212.6200","3078202.0000","212.2000","213.0500","212.1800"
"2015/07/21","213.0300","2927731.0000","213.6900","214.0009","212.6900"
"2015/07/20","213.8600","2361238.0000","214.0300","214.4600","213.5400"
"2015/07/17","213.7800","2326583.0000","213.6000","213.8500","213.1200"
"2015/07/16","213.5500","4310932.0000","213.1900","213.6100","212.9000"
"2015/07/15","211.8900","3261699.0000","212.0400","212.5800","211.3600"
"2015/07/14","211.9700","4364206.0000","210.9800","212.3400","210.9600"
"2015/07/13","211.0900","3189134.0000","210.2800","211.2000","210.2500"
"2015/07/10","208.7900","4358089.0000","208.6000","209.2499","207.7700"
"2015/07/09","206.1600","4400999.0000","208.3600","208.6300","206.0800"
"2015/07/08","205.7900","5092979.0000","207.7000","208.0500","205.5200"
"2015/07/07","209.3200","5829471.0000","208.2400","209.4600","205.3700"
"2015/07/06","208.0400","4562991.0000","207.0200","208.9400","206.8150"
"2015/07/02","208.5900","2880790.0000","209.3400","209.5700","208.1000"
"2015/07/01","208.8400","4941928.0000","209.0800","209.3200","207.8600"
"2015/06/30","207.2200","4764991.0000","208.5000","208.5145","206.5500"
"2015/06/29","206.7300","5558626.0000","209.3100","210.0820","206.5900"
"2015/06/26","211.1700","3169633.0000","211.5800","211.8400","210.4500"
"2015/06/25","211.1100","2986871.0000","212.4200","212.5300","211.0580"
"2015/06/24","211.7800","2056241.0000","212.9700","213.4500","211.7500"
"2015/06/23","214.4700","3273072.0000","214.6300","214.9100","214.0500"
"2015/06/22","214.3900","3093329.0000","214.4000","215.0700","214.1200"
"2015/06/19","212.8500","3267996.0000","213.9700","214.0199","212.8000"
"2015/06/18","214.1200","3003635.0000","212.7100","214.7600","212.5600"
"2015/06/17","211.9900","2363277.0000","212.0100","212.7210","210.7701"
"2015/06/16","211.7000","4033551.0000","210.3200","211.7500","210.1300"
"2015/06/15","210.5300","2909166.0000","209.9700","210.8500","209.1900"
"2015/06/12","211.4100","4895203.0000","212.0800","212.2300","211.1000"
"2015/06/11","213.0300","3437824.0000","212.9300","213.5000","212.6400"
"2015/06/10","212.3100","3307544.0000","210.9400","212.8200","210.6600"
"2015/06/09","209.8200","2582172.0000","209.9100","210.4700","209.1000"
"2015/06/08","209.8900","2830230.0000","211.0500","211.2000","209.7800"
"2015/06/05","211.1900","2672404.0000","211.3000","211.9803","210.3818"
"2015/06/04","211.6600","2923525.0000","212.4900","213.1900","211.1600"
"2015/06/03","213.3800","3367356.0000","213.3900","214.1000","212.7600"
"2015/06/02","212.7800","2791515.0000","212.4500","213.6000","211.6800"
"2015/06/01","212.9500","3516980.0000","213.3500","213.7699","212.0500"
"2015/05/29","212.5800","3736032.0000","213.8000","213.8600","212.2500"
"2015/05/28","213.8800","2973823.0000","213.7700","214.0300","213.0501"
"2015/05/27","214.1600","2496302.0000","212.7000","214.4200","212.2800"
"2015/05/26","212.1300","3072583.0000","213.8400","213.9399","211.6300"
"2015/05/22","214.4600","1840931.0000","214.4700","214.9800","214.3500"
"2015/05/21","214.9100","1341019.0000","214.1700","215.1800","213.9500"
"2015/05/20","214.2900","1737899.0000","214.5900","215.2300","213.9500"
"2015/05/19","214.5000","1716115.0000","214.7000","215.0001","214.1200"
"2015/05/18","214.5400","3439873.0000","213.7000","214.8600","213.6200"
"2015/05/15","213.9100","3021794.0000","213.8900","214.0300","213.3000"
"2015/05/14","213.6900","2630237.0000","212.7000","213.7500","212.3400"
"2015/05/13","211.4300","2720815.0000","211.9200","212.6400","211.1400"
"2015/05/12","211.3500","3802650.0000","211.0000","212.0400","210.0200"
"2015/05/11","212.0000","4542483.0000","213.0000","213.3000","211.9400"
"2015/05/08","213.0300","5096908.0000","212.2800","213.2800","212.2200"
"2015/05/07","210.2900","5453200.0000","209.3100","210.7600","208.9200"
"2015/05/06","209.4700","3332043.0000","210.9400","211.3300","208.1450"
"2015/05/05","210.3400","2541691.0000","212.4300","212.8500","210.1300"
"2015/05/04","212.8000","1834413.0000","212.6500","213.4200","212.5300"
"2015/05/01","212.1200","2983091.0000","210.8100","212.1900","210.7000"
"2015/04/30","209.8500","3737959.0000","211.3000","211.7600","209.0200"
"2015/04/29","211.9900","3653272.0000","211.7500","212.7099","211.0300"
"2015/04/28","212.8200","4874302.0000","212.1600","212.9200","210.7500"
"2015/04/27","212.2400","2234792.0000","213.7700","213.8800","211.9500"
"2015/04/24","213.0800","1838457.0000","213.0700","213.3900","212.5200"
"2015/04/23","212.6100","3736297.0000","211.5800","213.3700","211.4500"
"2015/04/22","212.0800","2709257.0000","211.4400","212.2600","210.3200"
"2015/04/21","211.0600","2663752.0000","212.1000","212.2600","210.6600"
"2015/04/20","211.2800","2645009.0000","210.4800","211.6500","210.3800"
"2015/04/17","209.3600","4583743.0000","210.3700","210.6200","208.4000"
"2015/04/16","211.8100","3055544.0000","211.4600","212.3800","211.2100"
"2015/04/15","211.9100","2765867.0000","211.4800","212.4500","211.3500"
"2015/04/14","210.8300","2816154.0000","210.2700","211.1100","209.4900"
"2015/04/13","210.4600","1428769.0000","211.3100","212.0300","210.4600"
"2015/04/10","211.4300","1737824.0000","210.5900","211.4900","210.3700"
"2015/04/09","210.3300","2190326.0000","209.2000","210.5700","208.6000"
"2015/04/08","209.4100","2862471.0000","208.9700","209.8900","208.4600"
"2015/04/07","208.6600","2247129.0000","209.2300","210.1500","208.6500"
"2015/04/06","209.2800","2648262.0000","206.7600","209.8500","206.5900"
"2015/04/02","207.7600","2798222.0000","207.0000","208.3500","206.7600"
"2015/04/01","207.1800","6567569.0000","207.7700","207.7800","205.8800"
"2015/03/31","207.8300","3408967.0000","208.6400","209.4889","207.7600"
"2015/03/30","209.6200","3308807.0000","208.3500","209.9900","208.3500"
"2015/03/27","207.1000","2208172.0000","206.5300","207.3300","206.2900"
"2015/03/26","206.6800","4182585.0000","206.3500","207.7400","205.5000"
"2015/03/25","207.1900","4066661.0000","210.4700","210.7700","207.1100"
"2015/03/24","211.1700","4223908.0000","212.2200","212.8200","211.1500"
"2015/03/23","212.5000","2388322.0000","212.8600","213.5300","212.4400"
"2015/03/20","212.8500","3178673.0000","212.1200","213.4500","212.0400"
"2015/03/19","210.9900","3664585.0000","211.4500","211.7800","210.5200"
"2015/03/18","211.9000","5602382.0000","208.8700","212.7600","208.0800"
"2015/03/17","209.4300","3227745.0000","209.2100","209.8878","208.4500"
"2015/03/16","210.1400","3194968.0000","208.1700","210.1500","208.1400"
"2015/03/13","207.2700","4123478.0000","208.2000","208.3910","206.0100"
"2015/03/12","208.5500","4477308.0000","206.7000","208.6300","206.6300"
"2015/03/11","205.9800","2933919.0000","206.7400","206.9400","205.8300"
"2015/03/10","206.4214","4051325.0000","208.1700","208.2300","206.4000"
"2015/03/09","209.8500","2579161.0000","209.1800","210.2400","209.1000"
"2015/03/06","208.9800","6450166.0000","210.9000","211.4200","208.5600"
"2015/03/05","211.9300","2937183.0000","212.1100","212.2800","211.3500"
"2015/03/04","211.7100","4795660.0000","211.9100","211.9700","210.5500"
"2015/03/03","212.6000","3135571.0000","212.9700","213.0736","211.5700"
"2015/03/02","213.5600","8313886.0000","212.2700","213.5600","212.2500"
"2015/02/27","212.2100","3932142.0000","212.7700","213.0850","212.1500"
"2015/02/26","212.9100","4450234.0000","213.0600","213.1900","212.1600"
"2015/02/25","213.1500","2066067.0000","213.1600","213.7400","212.7300"
"2015/02/24","213.3100","2244866.0000","212.6200","213.5499","212.2700"
"2015/02/23","212.6700","2630529.0000","212.4400","212.7100","211.9700"
"2015/02/20","212.7400","4613532.0000","210.9400","212.8000","210.2320"
"2015/02/19","211.4500","2184917.0000","210.9200","211.9000","210.7200"
"2015/02/18","211.6200","2141045.0000","211.1300","211.7000","210.8200"
"2015/02/17","211.6600","2256049.0000","210.8900","211.8000","210.5900"
"2015/02/13","211.2800","3099412.0000","210.5100","211.3100","210.2400"
"2015/02/12","210.3300","4695540.0000","209.3800","210.4500","209.1500"
"2015/02/11","208.3900","7154740.0000","208.0700","208.8934","207.2700"
"2015/02/10","208.2900","2888376.0000","207.3300","208.5700","206.2600"
"2015/02/09","206.0600","6165592.0000","206.2100","207.0900","205.5800"
"2015/02/06","206.9500","3844884.0000","208.0200","208.7200","206.4000"
"2015/02/05","207.6200","7029558.0000","206.3200","207.7440","206.2300"
"2015/02/04","205.4700","6146806.0000","205.3900","206.8200","204.9600"
"2015/02/03","206.2000","3616709.0000","204.4200","206.2900","204.0000"
"2015/02/02","203.3100","4535096.0000","201.4800","203.4300","199.2700"
"2015/01/30","200.8700","9674880.0000","201.9900","203.5800","200.5400"
"2015/01/29","203.4500","7315827.0000","201.7300","203.7200","200.0800"
"2015/01/28","201.5200","6542759.0000","205.6300","205.7200","201.3300"
"2015/01/27","204.1600","5847848.0000","204.4400","205.5500","203.1500"
"2015/01/26","206.9400","3335724.0000","206.1800","207.0100","205.2900"
"2015/01/23","206.3900","4819977.0000","207.2000","207.5400","206.2400"
"2015/01/22","207.5000","4845387.0000","205.4400","207.7100","203.7600"
"2015/01/21","204.5000","5354037.0000","202.9200","205.0700","202.3700"
"2015/01/20","203.5000","3629194.0000","203.7900","204.1200","201.5900"
"2015/01/16","203.0000","4981710.0000","200.1800","203.2300","199.9453"
"2015/01/15","200.4300","8725778.0000","203.0300","203.4200","200.2800"
"2015/01/14","202.3300","8015824.0000","201.0500","202.4900","199.9700"
"2015/01/13","203.5600","8469349.0000","205.5600","206.9100","201.9500"
"2015/01/12","204.0900","3501629.0000","205.8500","206.0300","203.3501"
"2015/01/09","205.6500","4395025.0000","207.8400","207.8500","204.9446"
"2015/01/08","207.4000","4683051.0000","205.4500","207.5899","205.4300"
"2015/01/07","203.7600","3563059.0000","202.8400","204.1400","202.3000"
"2015/01/06","201.2700","8019865.0000","203.5100","204.1200","200.2500"
"2015/01/05","203.1000","9582306.0000","205.6200","205.7900","202.7600"
"2015/01/02","206.7300","3400909.0000","207.8400","208.3200","205.6400"
"2014/12/31","206.8700","5124914.0000","209.4600","209.6600","206.8400"
"2014/12/30","209.0100","2955151.0000","209.6900","209.8200","208.9700"
"2014/12/29","210.2100","3382967.0000","209.6400","210.4200","209.6300"
"2014/12/26","209.8500","1611777.0000","209.7500","210.3099","209.7200"
"2014/12/24","209.2900","1828883.0000","209.5100","209.8000","209.1800"
"2014/12/23","210.3200","3431632.0000","210.7600","210.8100","210.0700"
"2014/12/22","209.9900","4442741.0000","209.2900","210.0000","209.0100"
"2014/12/19","209.0100","5107868.0000","208.9600","209.8800","208.1800"
"2014/12/18","208.1100","10986840.0000","206.1400","208.1700","205.2900"
"2014/12/17","203.1300","6644680.0000","199.7800","203.6700","199.6000"
"2014/12/16","199.2600","12389820.0000","199.9000","203.7100","199.1600"
"2014/12/15","200.8200","6440277.0000","203.3600","203.8800","200.1000"
"2014/12/12","202.2500","5887845.0000","204.0300","205.1800","202.1900"
"2014/12/11","205.5400","5240841.0000","205.2700","207.5600","205.0620"
"2014/12/10","204.5999","4952513.0000","207.2900","207.3500","204.2820"
"2014/12/09","207.8400","4060172.0000","205.7600","207.9900","205.2700"
"2014/12/08","207.9800","3487785.0000","208.9500","209.5100","207.3100"
"2014/12/05","209.4400","2795850.0000","209.2800","209.8800","208.9500"
"2014/12/04","209.0500","3511888.0000","208.9400","209.6600","208.0900"
"2014/12/03","209.3000","2849986.0000","208.6700","209.5400","208.5000"
"2014/12/02","208.4800","2510159.0000","207.1800","208.7299","207.1800"
"2014/12/01","207.1800","3774716.0000","207.8100","207.9000","206.7501"
"2014/11/28","208.5800","2406114.0000","208.8800","209.2699","208.3159"
"2014/11/26","209.0400","2496431.0000","208.6700","209.1500","208.4300"
"2014/11/25","208.5400","4036150.0000","208.9700","209.2000","208.2100"
"2014/11/24","208.6800","2382865.0000","208.6100","208.8018","208.3200"
"2014/11/21","208.0400","8772043.0000","209.0500","209.1100","207.3700"
"2014/11/20","206.9200","3161526.0000","205.6000","207.0800","205.5400"
"2014/11/19","206.6000","4025490.0000","206.6600","206.9300","205.6800"
"2014/11/18","206.9100","7502247.0000","205.7900","207.2950","205.7900"
"2014/11/17","205.6600","2729185.0000","205.1600","205.9500","205.0200"
"2014/11/14","205.5800","2308430.0000","205.4900","205.8400","205.0900"
"2014/11/13","205.4900","2557038.0000","205.5500","206.2100","204.5900"
"2014/11/12","205.3600","3229159.0000","204.7300","205.6000","204.6700"
"2014/11/11","205.5200","2508968.0000","205.4100","205.6700","205.0100"
"2014/11/10","205.3000","3223906.0000","204.7200","205.4000","204.4800"
"2014/11/07","204.7600","3614703.0000","204.5000","204.9400","203.9700"
"2014/11/06","204.5000","4176460.0000","203.7200","204.6150","202.9800"
"2014/11/05","203.7300","5668685.0000","203.9100","203.9500","202.8000"
"2014/11/04","202.4300","5309018.0000","202.5800","202.9300","201.3900"
"2014/11/03","203.1100","6318530.0000","203.2200","203.7899","202.6600"
"2014/10/31","202.9900","5761153.0000","203.1200","203.1800","202.1200"
"2014/10/30","200.8100","3383831.0000","198.8500","201.2700","198.7400"
"2014/10/29","199.4400","4783050.0000","199.8700","200.4400","198.1100"
"2014/10/28","199.6700","3039642.0000","198.1500","199.7200","198.0400"
"2014/10/27","197.4300","2172506.0000","197.0100","197.7400","196.3200"
"2014/10/24","197.6800","6324130.0000","196.5400","197.7900","195.8000"
"2014/10/23","196.2800","5831693.0000","195.8700","197.4500","195.5900"
"2014/10/22","194.0000","5299494.0000","195.7300","196.1900","193.8800"
"2014/10/21","195.3500","6178208.0000","192.9600","195.4700","192.7400"
"2014/10/20","191.5800","3163558.0000","189.3800","191.6900","189.3500"
"2014/10/17","189.7700","5800350.0000","189.6300","190.9950","188.8700"
"2014/10/16","187.4300","12451400.0000","184.2500","188.8000","184.1000"
"2014/10/15","187.4900","17407690.0000","186.3900","188.1100","183.1300"
"2014/10/14","189.0000","9802019.0000","189.6100","191.0500","188.2800"
"2014/10/13","188.5600","4569462.0000","191.6900","192.4000","188.5200"
"2014/10/10","191.8000","6836525.0000","193.9700","194.9299","191.7700"
"2014/10/09","193.9000","6703616.0000","197.6700","197.8887","193.8600"
"2014/10/08","197.9400","5007856.0000","194.6300","198.2000","193.6300"
"2014/10/07","194.5600","4917233.0000","196.5500","197.0100","194.5100"
"2014/10/06","197.5600","3634065.0000","198.6600","198.9000","196.8900"
"2014/10/03","197.8200","5623981.0000","196.9700","198.2300","196.3800"
"2014/10/02","195.6800","5643813.0000","195.4900","196.3400","193.6301"
"2014/10/01","195.6600","13017170.0000","198.0400","198.0500","195.2100"
"2014/09/30","198.2600","4368585.0000","199.0300","199.6100","197.9200"
"2014/09/29","198.7800","3024754.0000","197.5000","199.2000","197.3600"
"2014/09/26","199.2900","2959470.0000","197.9700","199.7000","197.7300"
"2014/09/25","197.5900","2388456.0000","200.3300","200.3700","197.5900"
"2014/09/24","200.8900","3065211.0000","199.3200","200.9800","198.8300"
"2014/09/23","200.2800","2890931.0000","200.6700","201.5000","200.1900"
"2014/09/22","201.3900","2682797.0000","202.5700","202.6500","200.9800"
"2014/09/19","202.8700","4963930.0000","203.7800","204.0000","202.5700"
"2014/09/18","203.1100","3454671.0000","202.7000","203.1900","202.4600"
"2014/09/17","202.0500","4295906.0000","202.1300","202.9900","201.0700"
"2014/09/16","201.8000","9836448.0000","199.9200","202.1450","199.8000"
"2014/09/15","200.2600","3028897.0000","200.4700","200.6180","199.6600"
"2014/09/12","200.4800","3115017.0000","201.4400","201.4400","199.8601"
"2014/09/11","201.6200","2105757.0000","200.5800","201.6500","200.4200"
"2014/09/10","201.4300","1268553.0000","200.7100","201.5100","200.0600"
"2014/09/09","200.6700","2988685.0000","201.7400","201.8600","200.2250"
"2014/09/08","201.9300","1762056.0000","202.2300","202.5150","201.3100"
"2014/09/05","202.4300","2834859.0000","201.4400","202.5000","200.7300"
"2014/09/04","201.5100","2446317.0000","202.1800","202.8950","200.9600"
"2014/09/03","201.8500","1336346.0000","202.6900","202.7300","201.5300"
"2014/09/02","201.8800","9544806.0000","202.3200","202.3200","201.1750"
"2014/08/29","201.9600","1496942.0000","201.8000","202.0436","201.1300"
"2014/08/28","201.4200","2386156.0000","200.8900","201.5700","200.6900"
"2014/08/27","201.6100","1965042.0000","201.7200","201.8800","201.2631"
"2014/08/26","201.6500","2258941.0000","201.6400","202.1300","201.5700"
"2014/08/25","201.5000","1977923.0000","201.4000","201.8300","201.1800"
"2014/08/22","200.4600","2277645.0000","200.6700","200.9700","200.0500"
"2014/08/21","200.7500","2237380.0000","200.3700","201.0700","200.2500"
"2014/08/20","200.2400","1989908.0000","199.3900","200.4500","199.3900"
"2014/08/19","199.7100","3773149.0000","199.0900","199.8300","198.9300"
"2014/08/18","198.6200","8800851.0000","198.1000","198.7300","197.9800"
"2014/08/15","197.0200","4850604.0000","197.7500","197.9300","195.5800"
"2014/08/14","196.9500","2088536.0000","196.4000","197.0000","196.2400"
"2014/08/13","196.1100","1985707.0000","195.5000","196.3000","195.2300"
"2014/08/12","194.8000","2505204.0000","194.8300","195.3800","194.2000"
"2014/08/11","195.0800","3113535.0000","195.2300","195.9200","194.9600"
"2014/08/08","194.4700","3053255.0000","192.6800","194.6000","192.1700"
"2014/08/07","192.2500","2923150.0000","194.1600","194.3400","191.7800"
"2014/08/06","193.2700","1916264.0000","192.3500","194.1100","192.3000"
"2014/08/05","193.2000","3345117.0000","194.3400","194.8400","192.5500"
"2014/08/04","195.1200","1685487.0000","194.1200","195.5300","193.2800"
"2014/08/01","193.7400","12771230.0000","193.8200","194.9800","192.8100"
"2014/07/31","194.2500","4691886.0000","196.8600","197.0300","194.2500"
"2014/07/30","198.2500","2390203.0000","198.9200","199.1753","197.4300"
"2014/07/29","198.1900","2146165.0000","199.4600","199.7000","198.1900"
"2014/07/28","199.0800","2177997.0000","199.0400","199.3688","197.8900"
"2014/07/25","199.0100","2493769.0000","199.4000","199.5300","198.6000"
"2014/07/24","199.8900","1932033.0000","200.1400","200.3500","199.7600"
"2014/07/23","199.9000","2795723.0000","199.7600","200.1300","199.4100"
"2014/07/22","199.5100","1926946.0000","199.3200","199.8300","199.1500"
"2014/07/21","198.5700","2714665.0000","198.3800","198.7800","197.7100"
"2014/07/18","198.9400","2565059.0000","197.6000","199.1900","197.5100"
"2014/07/17","197.0000","4091451.0000","198.6600","199.3800","196.7000"
"2014/07/16","199.2900","11223280.0000","199.3700","199.5200","198.7000"
"2014/07/15","198.4900","3300705.0000","199.0100","199.3900","197.6400"
"2014/07/14","198.8500","1750092.0000","198.9100","199.1400","198.7201"
"2014/07/11","197.9000","3058149.0000","197.5100","198.0100","197.0600"
"2014/07/10","197.5600","2992149.0000","196.5100","198.1400","196.3400"
"2014/07/09","198.4500","4942815.0000","198.0100","198.5600","197.6000"
"2014/07/08","197.5700","5374670.0000","198.4000","198.4900","197.0300"
"2014/07/07","198.8500","2893455.0000","199.1200","199.2600","198.5100"
"2014/07/03","199.5100","1371831.0000","199.0700","199.5700","198.9200"
"2014/07/02","198.4900","2624584.0000","198.2900","198.7300","198.2200"
"2014/07/01","198.3000","13005110.0000","197.4800","198.9000","197.4100"
"2014/06/30","197.0000","2173944.0000","197.0100","197.4300","196.8000"
"2014/06/27","197.2600","4126333.0000","196.2100","197.2600","196.1500"
"2014/06/26","196.6600","1492368.0000","196.8700","196.9000","195.3900"
"2014/06/25","196.8000","4681528.0000","195.5250","197.0300","195.5200"
"2014/06/24","196.0000","3057271.0000","196.8200","197.7700","195.7352"
"2014/06/23","198.1000","2173160.0000","198.1600","198.2300","197.6999"
"2014/06/20","198.0600","3891873.0000","198.2100","198.2500","197.8900"
"2014/06/19","197.6900","1946520.0000","197.6900","197.8390","197.0300"
"2014/06/18","197.5300","3819170.0000","196.0600","197.6000","195.6200"
"2014/06/17","196.0000","1714527.0000","195.2200","196.1900","195.0400"
"2014/06/16","195.5400","1352577.0000","195.1200","195.9151","194.8700"
"2014/06/13","195.3600","2803221.0000","195.1300","195.5200","194.5100"
"2014/06/12","194.7300","3713779.0000","195.8900","196.0400","194.3200"
"2014/06/11","196.1700","1772666.0000","196.1000","196.3400","195.7100"
"2014/06/10","196.8000","2551441.0000","196.5700","196.8700","196.1500"
"2014/06/09","196.8400","3010302.0000","196.5900","197.3000","196.4100"
"2014/06/06","196.6200","1977393.0000","196.1000","196.6500","196.0100"
"2014/06/05","195.6300","2684961.0000","194.6100","195.8600","193.9300"
"2014/06/04","194.3400","2302227.0000","193.6600","194.5000","193.4700"
"2014/06/03","193.9900","1524687.0000","193.6300","194.1000","193.4600"
"2014/06/02","194.1100","2176758.0000","194.1600","194.1900","193.1600"
"2014/05/30","193.8700","3190861.0000","193.3900","194.0000","193.2200"
"2014/05/29","193.5300","2287127.0000","193.0200","193.5800","192.5200"
"2014/05/28","192.5600","2441571.0000","192.7200","193.0100","192.2600"
"2014/05/27","192.7300","3147886.0000","192.2600","192.7600","192.1300"
"2014/05/23","191.5500","2413548.0000","190.9300","191.6500","190.8300"
"2014/05/22","190.7400","4701079.0000","190.3200","191.1400","190.0200"
"2014/05/21","190.2600","1951958.0000","189.2500","190.3700","189.2000"
"2014/05/20","188.6800","12254810.0000","189.7900","189.8200","188.1900"
"2014/05/19","189.8700","1893640.0000","188.8300","190.0600","188.6600"
"2014/05/16","189.2400","2198955.0000","188.6400","189.2600","187.8700"
"2014/05/15","188.5500","3458670.0000","189.8500","189.8800","187.6100"
"2014/05/14","190.1900","1990299.0000","190.9800","191.0100","189.9500"
"2014/05/13","191.1400","2921374.0000","191.1900","191.5900","190.9300"
"2014/05/12","190.8800","2912110.0000","189.9200","191.0300","189.9200"
"2014/05/09","189.2100","2453386.0000","188.8400","189.2100","187.9800"
"2014/05/08","188.8700","2435147.0000","188.8200","190.1800","188.2372"
"2014/05/07","188.9900","3641689.0000","188.5700","189.1100","187.1500"
"2014/05/06","187.9600","1530184.0000","189.1600","189.2800","187.8800"
"2014/05/05","189.6000","2451680.0000","188.2600","189.6874","187.7800"
"2014/05/02","189.2600","2117759.0000","189.4400","190.2800","188.9400"
"2014/05/01","189.4200","1965650.0000","189.3800","189.9900","188.8800"
"2014/04/30","189.5400","2214696.0000","188.5800","189.6350","188.3300"
"2014/04/29","188.8700","1994132.0000","188.5900","189.1700","188.2102"
"2014/04/28","188.0700","3275287.0000","188.2000","188.8108","186.0818"
"2014/04/25","187.4500","2209426.0000","188.3600","188.4444","187.0100"
"2014/04/24","189.0200","2084585.0000","189.5400","189.5500","188.0700"
"2014/04/23","188.6200","1979414.0000","188.9600","189.0500","188.4500"
"2014/04/22","189.0100","3096530.0000","188.3800","189.5500","188.2853"
"2014/04/21","188.2200","2423928.0000","187.5800","188.2300","187.3600"
"2014/04/17","187.5400","2236110.0000","187.0300","188.0200","186.7100"
"2014/04/16","187.2500","1910984.0000","186.5800","187.2700","185.7800"
"2014/04/15","185.3600","3865274.0000","184.4000","185.4300","182.6100"
"2014/04/14","184.0300","4064315.0000","184.0300","184.4700","182.5500"
"2014/04/11","182.6000","4198133.0000","183.2500","184.5239","182.4100"
"2014/04/10","184.2300","5825109.0000","188.2300","188.3000","184.0500"
"2014/04/09","188.2400","3020183.0000","186.7400","188.2800","186.2000"
"2014/04/08","186.2400","3667737.0000","185.3600","186.5200","184.7200"
"2014/04/07","185.4100","5485008.0000","187.0500","187.4000","185.0800"
"2014/04/04","187.5600","3825381.0000","190.7800","190.8500","187.2400"
"2014/04/03","189.8100","2464205.0000","190.4000","190.4100","189.2000"
"2014/04/02","189.9900","4152206.0000","189.6500","190.2600","189.2800"
"2014/04/01","189.3800","2962241.0000","188.7400","189.5000","188.5900"
"2014/03/31","188.1400","6096867.0000","187.7500","188.4300","187.5900"
"2014/03/28","186.5600","3667668.0000","186.2600","187.5500","186.1295"
"2014/03/27","185.7700","4262390.0000","185.8600","186.4500","185.0200"
"2014/03/26","186.0900","5017301.0000","188.1600","188.4500","186.0700"
"2014/03/25","187.4900","3739423.0000","187.4800","188.0600","186.4000"
"2014/03/24","187.4000","5129704.0000","188.7800","189.0200","186.5700"
"2014/03/21","188.1900","4019876.0000","189.6800","190.1300","187.9962"
"2014/03/20","188.9000","3453342.0000","187.3700","189.0200","187.0500"
"2014/03/19","187.8000","6050802.0000","188.8600","189.0800","186.6200"
"2014/03/18","188.8400","3213385.0000","187.8400","189.0500","187.6300"
"2014/03/17","187.4600","3430454.0000","186.6800","187.8900","186.6400"
"2014/03/14","185.7600","4713512.0000","185.8900","186.8900","185.5500"
"2014/03/13","186.2700","4920216.0000","188.9800","189.1100","185.7800"
"2014/03/12","188.3990","2450326.0000","187.4500","188.4700","187.0200"
"2014/03/11","188.3800","3919191.0000","189.5900","189.8500","187.9300"
"2014/03/10","189.3200","1922690.0000","189.0700","189.3600","188.2100"
"2014/03/07","189.4000","5062114.0000","190.0300","190.1000","188.5800"
"2014/03/06","189.2800","4918575.0000","189.3600","189.7499","189.0400"
"2014/03/05","188.7400","5397625.0000","188.8800","189.1900","188.6000"
"2014/03/04","188.8200","22516560.0000","187.8900","189.1299","187.8900"
"2014/03/03","186.0900","6207084.0000","185.7900","186.5600","184.8500"
"2014/02/28","187.3400","5779855.0000","186.9100","188.2800","186.1700"
"2014/02/27","186.9400","2389035.0000","185.6900","186.9700","185.4800"
"2014/02/26","185.9500","4230619.0000","186.2400","186.7000","185.4400"
"2014/02/25","185.9500","3515196.0000","186.1400","186.7000","185.3500"
"2014/02/24","185.8600","3101589.0000","185.4000","187.2600","185.3100"
"2014/02/21","185.0800","2572048.0000","185.5900","185.9900","184.9000"
"2014/02/20","185.1800","3147420.0000","184.3550","185.6299","183.7100"
"2014/02/19","184.1400","3095924.0000","184.8600","186.0600","183.9600"
"2014/02/18","185.3700","3014378.0000","185.2700","185.5900","184.7600"
"2014/02/14","185.0900","3435204.0000","183.9300","185.4499","183.7700"
"2014/02/13","184.1100","5104627.0000","181.9100","184.2800","181.9100"
"2014/02/12","183.2200","5400937.0000","183.3100","183.9000","182.7901"
"2014/02/11","183.0700","4634409.0000","181.2500","183.5100","181.1300"
"2014/02/10","181.0700","4264328.0000","180.7500","181.1200","180.2700"
"2014/02/07","180.8200","6373764.0000","179.3700","180.9200","178.7800"
"2014/02/06","178.4900","5247260.0000","176.6100","178.5100","176.6100"
"2014/02/05","176.1400","4705484.0000","175.7900","176.5900","174.7200"
"2014/02/04","176.3700","5725861.0000","175.9600","176.8600","175.3501"
"2014/02/03","175.1700","38748470.0000","178.9700","179.3940","174.8400"
"2014/01/31","179.1700","6166956.0000","178.0500","180.3400","177.9700"
"2014/01/30","180.3000","3790026.0000","179.8800","180.8500","179.3100"
"2014/01/29","178.3800","7934918.0000","178.6400","179.5850","177.9050"
"2014/01/28","180.1200","4905846.0000","179.2000","180.3300","179.1600"
"2014/01/27","178.9600","8580476.0000","180.1300","180.5600","178.1600"
"2014/01/24","179.9000","12237690.0000","182.6500","182.7200","179.9000"
"2014/01/23","183.8700","4297534.0000","184.4700","184.4700","182.8900"
"2014/01/22","185.3900","4456204.0000","185.6000","185.6400","184.9900"
"2014/01/21","185.2600","3283071.0000","185.7800","185.8500","184.1300"
"2014/01/17","184.7500","3661554.0000","185.2000","185.5300","184.4050"
"2014/01/16","185.4600","6712593.0000","185.3900","185.5700","184.9100"
"2014/01/15","185.7800","3368873.0000","185.1600","186.0200","185.0900"
"2014/01/14","184.7300","5433015.0000","183.3400","184.8500","183.0200"
"2014/01/13","182.7800","4853431.0000","184.7600","185.2600","182.4200"
"2014/01/10","185.2300","3335250.0000","185.0500","185.3000","184.0900"
"2014/01/09","184.7500","3412411.0000","185.2000","185.2100","183.8800"
"2014/01/08","184.6600","6402123.0000","184.5300","184.9000","183.9700"
"2014/01/07","184.5600","2632271.0000","184.1900","184.8600","184.0400"
"2014/01/06","183.4300","3459518.0000","184.5400","184.6300","183.1500"
"2014/01/03","183.9300","5826087.0000","184.3000","184.6800","183.7000"
"2014/01/02","184.0100","6724919.0000","185.0400","185.1400","183.5600"
"2013/12/31","185.6500","4572526.0000","185.2100","185.7400","185.0200"
"2013/12/30","184.8800","3620740.0000","184.9500","185.0800","184.6600"
"2013/12/27","184.9700","3772917.0000","185.2500","185.2900","184.7400"
"2013/12/26","185.0100","4893686.0000","184.4400","185.0400","184.4100"
"2013/12/24","184.1200","3528328.0000","183.6400","184.1200","183.5900"
"2013/12/23","183.5900","7156074.0000","183.5500","183.7300","183.1400"
"2013/12/20","183.5300","6391671.0000","182.6700","184.0200","182.6600"
"2013/12/19","182.5600","3640287.0000","182.2100","182.7200","181.7400"
"2013/12/18","182.6700","7918457.0000","179.9400","182.7500","178.2200"
"2013/12/17","179.5600","3573433.0000","180.3600","180.4100","179.2401"
"2013/12/16","180.1700","3671024.0000","179.9700","180.8100","179.9200"
"2013/12/13","179.1000","2530746.0000","179.5000","179.6500","178.7800"
"2013/12/12","179.1700","3903646.0000","179.6300","179.8500","178.7501"
"2013/12/11","179.7200","4391275.0000","181.8200","181.8800","179.5040"
"2013/12/10","181.8300","2571235.0000","182.0200","182.3800","181.6600"
"2013/12/09","182.3900","4571750.0000","182.5000","182.6900","182.1900"
"2013/12/06","181.9900","5079567.0000","181.6900","182.1247","181.1700"
"2013/12/05","179.9900","3855488.0000","180.4000","180.7300","179.7900"
"2013/12/04","180.6700","2675484.0000","180.0900","181.4800","179.3400"
"2013/12/03","180.8800","3898900.0000","180.9800","181.3900","180.1800"
"2013/12/02","181.5700","2579458.0000","182.1100","182.4300","181.2600"
"2013/11/29","181.9600","1813281.0000","182.3200","182.7700","181.8200"
"2013/11/27","182.1400","3374261.0000","181.9000","182.2500","181.6700"
"2013/11/26","181.6900","1919977.0000","181.7500","182.2300","181.4100"
"2013/11/25","181.6600","2688509.0000","182.1400","182.1700","181.3900"
"2013/11/22","181.8400","2623972.0000","180.9900","181.8400","180.7800"
"2013/11/21","180.9000","1755931.0000","180.0200","181.0500","179.8600"
"2013/11/20","179.5100","3832817.0000","180.3900","180.9100","178.9900"
"2013/11/19","180.0800","1801596.0000","180.3300","180.8700","179.7300"
"2013/11/18","180.5200","2576642.0000","181.3700","181.5000","180.0300"
"2013/11/15","181.1200","1648438.0000","180.5700","181.1200","180.3500"
"2013/11/14","180.3500","2535697.0000","179.5400","180.4200","179.2500"
"2013/11/13","179.2800","2456492.0000","177.0700","179.3900","177.0700"
"2013/11/12","177.9000","2271132.0000","177.9600","178.3400","177.3500"
"2013/11/11","178.3000","1840901.0000","178.1300","178.5100","177.9000"
"2013/11/08","178.3000","4735776.0000","175.8900","178.3000","175.8300"
"2013/11/07","175.9100","8237189.0000","178.5000","178.6300","175.7400"
"2013/11/06","178.1600","2534934.0000","178.0400","178.4800","177.5200"
"2013/11/05","177.3100","2757048.0000","177.1200","177.7300","176.5400"
"2013/11/04","177.8100","2893137.0000","177.6900","177.8700","177.1200"
"2013/11/01","177.2100","22659830.0000","177.0200","177.5800","176.2200"
"2013/10/31","176.6900","5436724.0000","177.1600","177.8621","176.5000"
"2013/10/30","177.3700","6921172.0000","178.3900","178.4900","176.6300"
"2013/10/29","178.2400","2845973.0000","177.5800","178.2400","177.3700"
"2013/10/28","177.1900","3058078.0000","176.8609","177.4595","176.6800"
"2013/10/25","176.9900","2537063.0000","176.4700","176.9900","176.1500"
"2013/10/24","176.2000","2003471.0000","175.8300","176.3400","175.4800"
"2013/10/23","175.6200","4419543.0000","175.7900","175.8540","174.9400"
"2013/10/22","176.3000","4468933.0000","175.8800","176.8900","175.6400"
"2013/10/21","175.3600","3645803.0000","175.4100","175.7100","174.9700"
"2013/10/18","175.3300","3021832.0000","174.8300","175.4690","174.4703"
"2013/10/17","174.1500","3914154.0000","172.3000","174.2520","172.2900"
"2013/10/16","173.0400","3491043.0000","171.6500","173.1000","171.5800"
"2013/10/15","170.5800","4564234.0000","171.4300","172.0700","170.4100"
"2013/10/14","171.9700","3838170.0000","170.1900","172.0190","169.9901"
"2013/10/11","171.2000","3216211.0000","169.8500","171.2500","169.7100"
"2013/10/10","170.1400","5110491.0000","168.2000","170.1700","168.1500"
"2013/10/09","166.4900","8633602.0000","166.7100","167.1100","165.4400"
"2013/10/08","166.4200","6609658.0000","168.3300","168.5200","166.2700"
"2013/10/07","168.3400","3166888.0000","168.3400","169.3700","168.1700"
"2013/10/04","169.7900","3414357.0000","168.6300","169.9700","168.4600"
"2013/10/03","168.5500","8531600.0000","169.7000","169.8500","167.7600"
"2013/10/02","170.0100","7750330.0000","169.2500","170.1300","168.7600"
"2013/10/01","170.2700","6644547.0000","169.0500","170.4200","168.9300"
"2013/09/30","168.9000","7161400.0000","168.3700","169.4700","168.0600"
"2013/09/27","169.8500","2710240.0000","169.7500","170.0500","169.3900"
"2013/09/26","170.5800","3545274.0000","170.2500","171.0900","169.9800"
"2013/09/25","170.0500","8465150.0000","170.5700","170.8400","169.8200"
"2013/09/24","170.5400","4167623.0000","170.8200","171.4600","170.1400"
"2013/09/23","171.7500","5200468.0000","172.2700","172.4000","171.1600"
"2013/09/20","172.4700","3661884.0000","174.1000","174.1100","172.3700"
"2013/09/19","173.7800","3820343.0000","174.4800","174.5500","173.5300"
"2013/09/18","174.0100","5218207.0000","171.9400","174.4690","171.5100"
"2013/09/17","171.9900","4169437.0000","171.3900","172.0300","171.3900"
"2013/09/16","171.3000","3640390.0000","172.0900","172.1600","170.9600"
"2013/09/13","170.1800","4203871.0000","170.0500","170.3600","169.6500"
"2013/09/12","169.9400","5813033.0000","170.2500","170.4600","169.6400"
"2013/09/11","170.2900","3355619.0000","169.5400","170.3088","169.2400"
"2013/09/10","169.7200","3259006.0000","169.5200","169.8000","169.1600"
"2013/09/09","168.5500","3050115.0000","167.3500","168.6100","167.3200"
"2013/09/06","166.8900","3803360.0000","167.3900","167.8500","165.3500"
"2013/09/05","166.7600","3313792.0000","166.7300","167.2600","166.6100"
"2013/09/04","166.5900","3505634.0000","165.2900","166.8900","165.0000"
"2013/09/03","165.2200","2966070.0000","166.0800","166.4400","164.5600"
"2013/08/30","164.4000","3993928.0000","165.3800","165.3800","164.0200"
"2013/08/29","165.0400","3701078.0000","164.3700","165.8900","164.2600"
"2013/08/28","164.7500","5622659.0000","164.1200","165.3400","163.9000"
"2013/08/27","164.1900","5221463.0000","165.2300","165.8399","164.0600"
"2013/08/26","166.8800","2100323.0000","167.6900","168.1900","166.7999"
"2013/08/23","167.5400","3304129.0000","167.4100","167.7100","166.6500"
"2013/08/22","166.9100","4988986.0000","165.7500","168.5900","165.7500"
"2013/08/21","165.4100","5584201.0000","165.9800","166.8900","165.0600"
"2013/08/20","166.4400","5841652.0000","165.9000","167.0500","165.7300"
"2013/08/19","165.6500","3636970.0000","166.5300","167.0700","165.6400"
"2013/08/16","166.7200","4169382.0000","166.9300","167.5000","166.3700"
"2013/08/15","167.2300","3411469.0000","168.2600","168.2600","166.9601"
"2013/08/14","169.6700","2849526.0000","170.4000","170.6800","169.5950"
"2013/08/13","170.5800","2046266.0000","170.2800","170.8000","169.3000"
"2013/08/12","169.9700","2217696.0000","169.3500","170.2100","169.2800"
"2013/08/09","170.2300","2865771.0000","170.4800","170.9900","169.6300"
"2013/08/08","170.7000","3009899.0000","170.9100","171.0700","169.8300"
"2013/08/07","170.1100","3255277.0000","170.1100","170.3300","169.4400"
"2013/08/06","170.7800","2477323.0000","171.3000","171.4200","170.2700"
"2013/08/05","171.6900","1766752.0000","171.4900","171.8700","171.2600"
"2013/08/02","171.8600","3535539.0000","171.1900","171.8800","170.9700"
"2013/08/01","171.5500","3638085.0000","170.8800","171.7200","170.8100"
"2013/07/31","169.5500","5482625.0000","169.8600","170.7500","169.4000"
"2013/07/30","169.4900","3488076.0000","170.0200","170.1800","169.0900"
"2013/07/29","169.5200","3498507.0000","169.6000","169.9600","169.0110"
"2013/07/26","170.0200","4554931.0000","169.1200","170.0700","168.4100"
"2013/07/25","169.7900","5876136.0000","169.1300","169.9700","168.8400"
"2013/07/24","169.4700","4734542.0000","170.7100","170.7600","169.0900"
"2013/07/23","170.0700","5566653.0000","170.7500","170.7600","169.9600"
"2013/07/22","170.4200","3308301.0000","170.3500","170.6574","169.9300"
"2013/07/19","170.1500","4173842.0000","169.4300","170.1500","169.2005"
"2013/07/18","169.7600","4448778.0000","169.1900","170.1700","169.1000"
"2013/07/17","168.8000","3596126.0000","169.0700","169.3600","168.6300"
"2013/07/16","168.4400","5123424.0000","169.1600","169.2600","167.9800"
"2013/07/15","169.1500","3323092.0000","168.8500","169.2900","168.5800"
"2013/07/12","168.4000","3454577.0000","168.3000","168.7500","168.0300"
"2013/07/11","168.4600","4168178.0000","167.9800","168.4900","167.4300"
"2013/07/10","166.0600","6205439.0000","165.8400","166.6300","165.5000"
"2013/07/09","165.9900","4509620.0000","165.8300","166.2200","165.1400"
"2013/07/08","164.8100","4653208.0000","164.7300","165.2600","164.4401"
"2013/07/05","163.9100","4941781.0000","163.3200","163.9300","162.1401"
"2013/07/03","162.1200","3214206.0000","161.3000","162.5900","161.0700"
"2013/07/02","161.9500","6510700.0000","161.9300","163.1300","161.3200"
"2013/07/01","162.2100","20042360.0000","162.1200","163.3200","161.8800"
"2013/06/28","160.8800","7062266.0000","161.4800","162.2500","160.7100"
"2013/06/27","161.9100","5220032.0000","161.9600","162.6600","161.8000"
"2013/06/26","160.9700","8948109.0000","160.7153","161.3300","160.0900"
"2013/06/25","160.2114","5867774.0000","160.1400","160.7900","159.0500"
"2013/06/24","158.6400","7071928.0000","159.0200","160.0600","157.3500"
"2013/06/21","160.7000","7215679.0000","161.2600","161.4200","159.1200"
"2013/06/20","160.2090","7577600.0000","162.6900","162.9099","159.7700"
"2013/06/19","164.3900","4702179.0000","166.4300","166.9100","164.2100"
"2013/06/18","166.5700","2919930.0000","165.3600","166.8400","165.3600"
"2013/06/17","165.3600","5003840.0000","165.1400","166.0600","164.3800"
"2013/06/14","164.0200","4786862.0000","164.8500","165.5000","163.7300"
"2013/06/13","165.0700","3503637.0000","162.4500","165.3300","162.1200"
"2013/06/12","162.6000","4588052.0000","165.0700","165.2100","162.4100"
"2013/06/11","163.9700","4922149.0000","164.1000","165.3800","163.5800"
"2013/06/10","165.6000","3079036.0000","166.1400","166.2299","165.1900"
"2013/06/07","165.6200","5406020.0000","164.6900","165.7800","163.9900"
"2013/06/06","163.5200","4347977.0000","162.0300","163.5400","161.0600"
"2013/06/05","162.0400","5272183.0000","163.9000","164.2200","161.9300"
"2013/06/04","164.4200","6079132.0000","165.2900","165.9300","163.5600"
"2013/06/03","165.1700","6638161.0000","164.6600","165.2700","163.4710"
"2013/05/31","164.3000","4370180.0000","166.1900","167.1300","164.0800"
"2013/05/30","166.7000","3594482.0000","166.2200","167.4400","166.0701"
"2013/05/29","166.0400","4397272.0000","166.2700","166.6300","165.1700"
"2013/05/28","167.1700","8144396.0000","167.9400","168.6230","166.6600"
"2013/05/24","166.1500","4160023.0000","165.3100","166.1700","164.8200"
"2013/05/23","166.3000","8834237.0000","165.0000","166.7499","164.7800"
"2013/05/22","166.7900","10479580.0000","168.2000","169.9300","166.0300"
"2013/05/21","168.0500","4625581.0000","167.9400","168.6500","167.3430"
"2013/05/20","167.8400","4559528.0000","167.6500","168.4300","167.4600"
"2013/05/17","167.8000","5526505.0000","166.8000","167.8800","166.5600"
"2013/05/16","166.1700","5641305.0000","166.6200","167.2000","165.9300"
"2013/05/15","166.9700","3116167.0000","165.8100","167.2800","165.7500"
"2013/05/14","166.1300","3460085.0000","164.5000","166.1800","164.4900"
"2013/05/13","164.3700","2078006.0000","164.0200","164.6200","163.6590"
"2013/05/10","164.2300","3416981.0000","163.8300","164.3100","163.3300"
"2013/05/09","163.7200","3466909.0000","164.0900","164.5200","163.2900"
"2013/05/08","164.1600","3106610.0000","163.2500","164.2000","163.1600"
"2013/05/07","163.3900","5880258.0000","162.9500","163.4700","162.4900"
"2013/05/06","162.5600","2554231.0000","162.3100","162.8199","162.2300"
"2013/05/03","162.1300","2493279.0000","161.9400","162.6999","161.8400"
"2013/05/02","160.5400","2681961.0000","159.4700","160.6750","159.3400"
"2013/05/01","159.1000","4700354.0000","160.1300","160.2100","158.8900"
"2013/04/30","160.4500","3484943.0000","160.0800","160.5100","159.4000"
"2013/04/29","160.1000","2231293.0000","159.4400","160.4400","159.2100"
"2013/04/26","159.0000","2477111.0000","159.1000","159.3700","158.5200"
"2013/04/25","159.3400","2346832.0000","159.0900","160.0450","158.9000"
"2013/04/24","158.5900","3592345.0000","158.6200","159.0660","158.3300"
"2013/04/23","158.6000","4890184.0000","157.7300","158.7100","156.9500"
"2013/04/22","157.0000","2613505.0000","156.5500","157.3000","155.5100"
"2013/04/19","156.1700","2062893.0000","155.2300","156.3100","154.8900"
"2013/04/18","154.9200","3978540.0000","156.1200","156.1600","154.3100"
"2013/04/17","155.8200","4164187.0000","157.0700","157.0900","155.0500"
"2013/04/16","158.2000","4662159.0000","157.0800","158.2600","156.6800"
"2013/04/15","155.9250","5251349.0000","158.7900","158.9050","155.8700"
"2013/04/12","159.5800","2651368.0000","159.4600","159.8100","158.7100"
"2013/04/11","160.0000","3774866.0000","159.5000","160.4971","159.3200"
"2013/04/10","159.4800","4126140.0000","157.9400","159.6300","157.9000"
"2013/04/09","157.5100","4601590.0000","157.2500","158.0900","156.7400"
"2013/04/08","156.9300","2572017.0000","156.0100","157.0000","155.5200"
"2013/04/05","155.9700","5241932.0000","154.7000","156.1100","154.5299"
"2013/04/04","156.6400","4383657.0000","156.1900","156.9200","155.8700"
"2013/04/03","156.0400","3918116.0000","157.6900","157.8100","155.5800"
"2013/04/02","157.5800","3322088.0000","157.4000","157.9790","157.1500"
"2013/04/01","156.8400","2315317.0000","157.3800","157.6900","156.4400"
"2013/03/28","157.3600","3363470.0000","156.8600","157.6200","156.6200"
"2013/03/27","156.9000","4099051.0000","156.0110","157.0100","155.7500"
"2013/03/26","157.0100","3359908.0000","156.4300","157.0100","156.1900"
"2013/03/25","155.8200","3197479.0000","156.8100","157.0800","155.1300"
"2013/03/22","157.0800","3395288.0000","156.3500","157.0800","156.2300"
"2013/03/21","155.8600","4698775.0000","156.2600","156.8000","155.6000"
"2013/03/20","157.1600","3637851.0000","157.0100","157.4595","156.7700"
"2013/03/19","156.1600","4446868.0000","156.8500","157.0000","155.0950"
"2013/03/18","156.4200","5762682.0000","155.8200","157.1401","155.7190"
"2013/03/15","157.3700","5419808.0000","157.3700","157.5550","156.8301"
"2013/03/14","157.5500","3797046.0000","157.1100","157.6100","157.0300"
"2013/03/13","156.6700","3367685.0000","156.5800","156.9299","156.0400"
"2013/03/12","156.4500","4131264.0000","156.7500","156.8900","156.0100"
"2013/03/11","156.8200","1829822.0000","156.1300","156.8400","155.9400"
"2013/03/08","156.2800","3647969.0000","156.2800","156.4400","155.4700"
"2013/03/07","155.6200","2237574.0000","155.5000","155.7750","155.3300"
"2013/03/06","155.3500","3671078.0000","155.6600","155.7200","154.9600"
"2013/03/05","155.0300","3989620.0000","154.4300","155.4950","154.4300"
"2013/03/04","153.6400","2760486.0000","152.5400","153.6700","152.3100"
"2013/03/01","152.8800","16383770.0000","151.8400","153.1150","151.1700"
"2013/02/28","152.5000","7664237.0000","152.7000","153.6500","152.2500"
"2013/02/27","152.6300","4251687.0000","150.6700","153.1000","150.5100"
"2013/02/26","150.7900","6487484.0000","150.4700","150.9499","149.4900"
"2013/02/25","149.7700","6424633.0000","153.4200","153.6200","149.7600"
"2013/02/22","152.6300","2549938.0000","151.9400","152.6300","151.5378"
"2013/02/21","151.1800","3668955.0000","151.6900","151.7000","150.6950"
"2013/02/20","152.0600","3032716.0000","153.9400","153.9700","152.0600"
"2013/02/19","154.0000","2924424.0000","153.1300","154.0700","153.1300"
"2013/02/15","152.9500","5516279.0000","153.2200","153.3600","152.3200"
"2013/02/14","153.1200","2623768.0000","152.4200","153.2430","152.2800"
"2013/02/13","152.9400","3633300.0000","153.1100","153.3800","152.4900"
"2013/02/12","152.8400","1582148.0000","152.5500","153.0700","152.3807"
"2013/02/11","152.5000","1553186.0000","152.5400","152.6500","152.1600"
"2013/02/08","152.5500","2241090.0000","152.0200","152.6500","151.9700"
"2013/02/07","151.7800","2908426.0000","151.9700","152.1000","150.6200"
"2013/02/06","151.9600","2952871.0000","151.2800","152.0200","151.1800"
"2013/02/05","151.7600","3218018.0000","151.1200","152.2400","151.0600"
"2013/02/04","150.3700","4015849.0000","151.1100","151.3400","150.2000"
"2013/02/01","152.0300","3408034.0000","151.3600","152.1800","151.1500"
"2013/01/31","150.4600","4648880.0000","150.6800","151.1300","150.3700"
"2013/01/30","150.8600","2929567.0000","151.3900","151.6998","150.6900"
"2013/01/29","151.4200","2612945.0000","150.5000","151.6100","150.4400"
"2013/01/28","150.9200","3028242.0000","151.0900","151.0900","150.2800"
"2013/01/25","150.9200","3390363.0000","150.6700","150.9900","150.2110"
"2013/01/24","150.1800","3398325.0000","149.9100","150.8900","149.7600"
"2013/01/23","150.1400","2950855.0000","149.9000","150.2400","149.6110"
"2013/01/22","149.8600","2754391.0000","149.1000","149.8800","148.7250"
"2013/01/18","149.1300","2623860.0000","148.7200","149.2300","148.1800"
"2013/01/17","148.7400","4587116.0000","148.4200","149.1600","147.4800"
"2013/01/16","147.7400","4299887.0000","147.4900","148.0200","147.3500"
"2013/01/15","147.8000","4831790.0000","147.0000","147.9300","146.9300"
"2013/01/14","147.7400","3663735.0000","147.6300","147.8000","147.1600"
"2013/01/11","147.8700","1771259.0000","147.7900","147.8740","147.3400"
"2013/01/10","147.8000","3069928.0000","147.5000","147.8200","146.7000"
"2013/01/09","146.6900","2759011.0000","146.5800","147.0500","146.3800"
"2013/01/08","146.3000","3973807.0000","146.4400","146.6300","145.7250"
"2013/01/07","146.7000","1751491.0000","146.5900","146.8400","146.1600"
"2013/01/04","147.1600","3301741.0000","146.6900","147.3400","146.4100"
"2013/01/03","146.4400","4482268.0000","146.7000","147.1000","146.0700"
"2013/01/02","146.6300","4930044.0000","145.8500","146.8200","145.4600"
"2012/12/31","143.1400","6807959.0000","140.4000","143.2600","140.2400"
"2012/12/28","140.6400","4737761.0000","141.3700","142.1220","140.6100"
"2012/12/27","142.2500","4357381.0000","142.5200","142.7800","140.6200"
"2012/12/26","142.3900","3223909.0000","143.3500","143.4100","142.0700"
"2012/12/24","143.0600","1836182.0000","143.2300","143.2700","142.9101"
"2012/12/21","143.5100","5715723.0000","142.8700","143.8000","142.6500"
"2012/12/20","144.8300","5155445.0000","144.0600","144.8300","143.6900"
"2012/12/19","144.0300","4958493.0000","145.2500","145.2700","143.9600"
"2012/12/18","146.0500","5471177.0000","144.6200","146.1400","144.4100"
"2012/12/17","144.3400","5666894.0000","143.1000","144.4400","143.0500"
"2012/12/14","142.7600","3203989.0000","142.9400","143.1900","142.4800"
"2012/12/13","143.2600","4064461.0000","144.0500","144.4500","142.8900"
"2012/12/12","144.1600","5797355.0000","144.6300","145.1600","143.9500"
"2012/12/11","143.9600","6740105.0000","143.6900","144.7200","143.6100"
"2012/12/10","143.1300","9889374.0000","142.8400","143.4200","142.7500"
"2012/12/07","143.0000","6025444.0000","143.1700","143.2700","142.2800"
"2012/12/06","142.5000","6309896.0000","141.9900","142.6300","141.7600"
"2012/12/05","142.0600","4380096.0000","141.9800","142.7400","140.9600"
"2012/12/04","141.8000","3461510.0000","142.0400","142.4500","141.4600"
"2012/12/03","142.0400","4010276.0000","143.4100","143.5400","141.9300"
"2012/11/30","142.7100","2624340.0000","142.7500","143.0100","142.2500"
"2012/11/29","142.7100","3443133.0000","142.6000","143.1100","141.9682"
"2012/11/28","142.0100","2918780.0000","140.3300","142.1300","139.5800"
"2012/11/27","140.9300","1970745.0000","141.5100","141.9700","140.8100"
"2012/11/26","141.7800","2865518.0000","141.2400","141.7800","140.7800"
"2012/11/23","141.8300","1788929.0000","140.7300","141.9600","140.6100"
"2012/11/21","140.0800","4304743.0000","139.8600","140.1300","139.6200"
"2012/11/20","139.7900","2072588.0000","139.4900","139.9800","138.6600"
"2012/11/19","139.7400","3735266.0000","138.4700","139.7400","138.3893"
"2012/11/16","136.8400","4329903.0000","136.4000","137.1800","135.2499"
"2012/11/15","136.2800","2905500.0000","136.5200","137.0400","135.7100"
"2012/11/14","136.5800","3405038.0000","138.8000","138.9710","136.1700"
"2012/11/13","138.3200","2777066.0000","138.0800","139.8100","137.9300"
"2012/11/12","138.8700","2144112.0000","139.1516","139.3800","138.5301"
"2012/11/09","138.6000","4112413.0000","138.1900","140.0199","138.1100"
"2012/11/08","138.5800","6390634.0000","140.2800","140.9700","138.5300"
"2012/11/07","140.2500","4675384.0000","142.2600","142.2600","139.6400"
"2012/11/06","143.5100","2637006.0000","142.8700","144.0900","142.7300"
"2012/11/05","142.4100","1818094.0000","141.9300","142.7300","141.5000"
"2012/11/02","142.1000","3895270.0000","144.2800","144.2800","141.9990"
"2012/11/01","143.4600","10818090.0000","142.2300","143.5900","142.1100"
"2012/10/31","141.4800","4116080.0000","142.4500","142.6200","141.2500"
"2012/10/26","141.9300","2126153.0000","141.9300","142.4100","140.9700"
"2012/10/25","142.0200","4366417.0000","142.6200","142.8501","141.1700"
"2012/10/24","141.5900","2069960.0000","142.4900","142.6800","141.3800"
"2012/10/23","141.9500","2739491.0000","142.4800","142.6300","141.4200"
"2012/10/22","144.0200","2758109.0000","143.7600","144.2500","142.8600"
"2012/10/19","143.8600","2701312.0000","146.1600","146.1600","143.6400"
"2012/10/18","146.4700","4497642.0000","146.4500","147.1300","145.9429"
"2012/10/17","146.7800","2008146.0000","146.2600","146.9300","146.0100"
"2012/10/16","146.2000","2968031.0000","145.3600","146.2400","145.2500"
